1;Danielle;Johnson;john21@example.net;001-581-896-0013x3890;UK;South Bridget;M;1995-12-11;2023-12-18
2;Linda;Wolfe;joshua35@example.org;361-855-9407;DE;New Kellystad;M;1981-04-28;2025-05-12
3;Brandon;Perez;tracie31@example.com;575-425-5341x928;CA;Grayside;M;1958-10-15;2024-08-07
4;Kayla;Brown;trujillorichard@example.org;495.537.6724;UK;Juliechester;O;2001-07-06;2024-09-30
5;Jeffrey;Bright;ddavis@example.org;(626)291-6697;UK;Lake Nicoleview;O;1993-05-16;2024-08-18
6;Kelly;Moore;mckaynancy@example.com;728.914.8932x52880;IN;North Sarahport;M;1960-01-14;2024-06-07
7;Ashley;Miller;wcabrera@example.net;001-822-778-2489x63834;US;Lammouth;M;1952-07-29;2024-05-26
8;Matthew;Chapman;briannasmith@example.net;+1-403-910-5183x4738;CA;Port Thomas;M;1970-08-06;2024-02-20
9;Donna;Gomez;uowens@example.org;+1-610-965-1333x87262;US;Port Sandra;O;1972-11-13;2025-09-03
10;Andrea;Williams;novaksara@example.org;(267)873-6026;CA;Saramouth;O;1962-12-03;2025-05-06
11;Jessica;Logan;smoore@example.org;4982050097;IN;Port Jacobland;M;1987-06-28;2024-06-02
12;David;Zamora;bethwilliams@example.org;(799)385-4353x46247;AU;South Christineshire;O;2007-09-15;2024-02-05
13;Jason;Baker;nicole35@example.com;(378)449-8084;DE;Darrellville;M;1991-09-22;2024-04-05
14;Juan;Clark;james48@example.com;801-264-0052x427;BR;North Sierraberg;O;1979-04-29;2025-08-15
15;Brandi;Hernandez;bobbydiaz@example.org;(833)215-8692x322;IN;Lake Sandra;F;1994-03-29;2024-10-09
16;Elizabeth;Moss;josephcobb@example.org;(707)633-7543x3036;DE;Port Joshuahaven;M;1970-02-17;2025-11-30
17;Amanda;Crosby;wileyjose@example.net;501-696-5569x816;CA;Lake Ryanhaven;F;2003-04-06;2025-01-10
18;Jennifer;Harmon;michaeljones@example.net;895-814-8465x64823;UK;New Ashley;M;1970-07-14;2025-08-14
19;Kevin;Clark;steven73@example.net;221.248.9513x4332;IN;South Cheryl;M;1993-05-13;2024-11-10
20;Olivia;Johnston;psnyder@example.org;+1-401-963-2870x8317;FR;Stephaniemouth;F;1983-07-20;2025-05-22
21;William;Rivas;vmerritt@example.com;643.748.7347x143;DE;Patricialand;M;1953-09-01;2024-05-31
22;Heather;Mccarthy;perrymark@example.com;(803)566-9096x70546;AU;Robinsonchester;O;1975-07-19;2024-09-23
23;Elizabeth;Yates;marycalhoun@example.net;+1-906-499-0162;UK;West Nicholasborough;F;1973-08-06;2024-08-16
24;Nichole;Ramirez;fking@example.com;5802531003;UK;East David;O;1987-02-16;2025-01-29
25;Jeffery;Lyons;gary91@example.org;619-304-9663x1931;DE;West Amandastad;O;1949-04-18;2025-03-31
26;Alexander;Fisher;xgarcia@example.net;626.728.4987x769;FR;Port Sarah;O;1962-07-11;2024-11-07
27;Karen;Hudson;frogers@example.com;(273)554-5494;CA;East Jenniferfort;O;1979-12-05;2024-06-06
28;Thomas;Joseph;fmcguire@example.com;763.849.5788;UK;Michaelmouth;M;1962-01-07;2024-06-14
29;David;Lee;newtonstephanie@example.net;(333)574-9894;CA;Jeremyburgh;F;1963-12-30;2025-05-14
30;David;Williams;tranheidi@example.org;+1-971-309-4777x5204;UK;South Travisshire;M;1984-08-09;2024-01-22
31;Edward;Hart;christopher31@example.net;001-269-399-3867x74964;UK;Lake Jason;F;1986-07-23;2024-04-06
32;Glenn;Jones;ortizhannah@example.com;503-444-7134x9361;DE;Margaretland;F;1948-09-16;2025-07-15
33;Brooke;Holloway;scott74@example.net;(248)387-7190x6594;FR;Lake Mary;M;1981-03-10;2025-11-08
34;Yvonne;Chambers;barbara27@example.net;+1-374-429-6717x5655;FR;Robertfort;F;1963-02-09;2025-11-03
35;Lisa;Pierce;qmiller@example.com;768-908-7603;CA;Wolfborough;O;1961-10-10;2024-03-18
36;Keith;Gilmore;omartinez@example.net;324.980.8613;DE;Lake Marilynfort;O;2003-09-16;2024-07-14
37;Janice;Perry;pbaird@example.com;+1-826-739-8214;UK;Loriport;O;1990-09-10;2025-08-17
38;Bethany;Keller;seanwashington@example.com;+1-586-875-3396;BR;West Juliefurt;O;1969-04-10;2025-04-12
39;Lori;Pollard;ihanna@example.net;001-851-471-8702;CA;South Kimberlyview;M;1966-04-13;2025-05-03
40;Debra;Christian;ofinley@example.net;001-478-609-1343x16117;AU;North Markton;F;1963-06-08;2024-09-13
41;Dustin;Schmidt;georgemiller@example.com;+1-637-492-3747x407;DE;South Sierrashire;O;1963-10-19;2025-11-16
42;Hannah;Bryant;james67@example.org;669.259.4406;CA;New Julieport;O;1993-10-27;2024-05-30
43;Laurie;Robinson;christinebyrd@example.net;001-421-504-7095x21456;FR;Port Amber;M;2006-02-25;2025-01-05
44;Robin;Rivas;robin74@example.net;317-912-3685x16048;CA;Emilyview;M;1981-10-11;2025-08-06
45;Shelby;Rodriguez;thomasharvey@example.net;393-517-4612x00471;FR;South Shawn;F;1987-03-11;2025-06-09
46;Sonya;Barnes;nicolepena@example.com;+1-764-205-3773x515;DE;Hillville;M;2004-09-26;2025-08-07
47;Christopher;Lewis;williamsmatthew@example.org;001-431-283-9335;CA;Micheleberg;O;2007-03-02;2025-01-11
48;Lauren;Rodriguez;andersonmichael@example.org;001-350-324-0268;FR;Weststad;M;1977-04-14;2024-03-02
49;William;Dougherty;acostaregina@example.net;447.300.7661x77115;AU;West Claudia;F;1981-10-30;2025-05-17
50;Oscar;Harper;shawn96@example.org;001-318-736-7365x766;AU;Edwardsview;M;1968-07-13;2024-04-03
51;Sandra;Jones;daviscolin@example.net;(228)609-8851x656;DE;Michaelshire;M;1976-12-01;2024-04-05
52;Timothy;Boone;megan51@example.com;001-636-289-9809;CA;West Jacqueline;O;1964-06-01;2024-08-18
53;Adam;Kane;vjones@example.net;7186366752;DE;Kimberlyshire;O;1982-07-07;2025-09-19
54;Eric;Webster;craigjoseph@example.net;(979)676-4381x56149;IN;East Randallton;O;1945-06-08;2024-07-21
55;Jason;Taylor;keith10@example.com;001-862-226-8388x5160;IN;Morsemouth;F;1981-03-23;2025-02-05
56;Jenna;Butler;sullivantammy@example.org;+1-875-616-1369x681;CA;Jeffreyburgh;M;1949-10-06;2025-03-20
57;Alyssa;Lee;michael23@example.org;(943)929-2127;AU;Michellemouth;M;1954-06-18;2024-02-01
58;Scott;Turner;brittany58@example.org;977-200-5411x9986;US;Stoutshire;M;1986-01-06;2024-08-05
59;Thomas;Hernandez;hayeslisa@example.com;001-718-720-3778x892;BR;Paulmouth;O;1987-09-21;2024-01-21
60;Crystal;Cook;cody64@example.com;001-692-851-9254x6291;BR;Lisahaven;O;1950-11-03;2025-04-17
61;William;Smith;henry35@example.com;232.721.4188;IN;New Nicholas;O;1955-03-05;2025-08-12
62;Kellie;Lamb;jenniferwilliams@example.com;+1-937-994-7383x47359;UK;Kimberlyhaven;F;1978-03-07;2025-11-19
63;Lisa;Solis;moniquewilliams@example.com;(881)381-4124x782;IN;Port Shannon;O;1966-12-22;2024-01-02
64;Brian;Shaw;paulmiller@example.org;4519522047;AU;Gilbertland;O;1946-02-24;2024-05-19
65;Edward;Bentley;srodriguez@example.org;510-436-9711x7980;DE;Rubenstad;O;1960-02-09;2024-10-13
66;Elizabeth;Miller;carlos88@example.net;380.767.0654x05153;US;North Michael;O;1966-04-12;2025-03-27
67;Maria;Cohen;zwelch@example.org;670-843-0305;UK;Kingborough;O;1962-12-23;2025-09-04
68;Brandon;Rios;david56@example.com;001-876-452-7758x4161;DE;Manuelland;O;1965-08-11;2024-07-17
69;Sean;Robbins;hannahbell@example.org;001-959-264-0165x8202;FR;North Joel;M;1985-08-06;2024-09-03
70;Stacy;Johnson;erikarush@example.com;419.928.5654x310;DE;Mcintyreville;F;1961-06-11;2024-06-21
71;Sean;Davies;heather73@example.org;(617)627-1551;BR;Lake Jenna;F;1989-01-24;2024-04-19
72;Michael;Walker;laurayoung@example.com;3583957829;US;Raymondfort;O;1978-01-26;2025-06-28
73;Madeline;Jones;dawn77@example.net;452.489.2268x01824;DE;Sarahbury;O;1966-10-01;2025-10-31
74;Patty;Singleton;james84@example.org;+1-749-281-8299x2299;BR;North Brandonshire;O;1961-08-16;2024-05-16
75;Ashley;Montgomery;jimenezcourtney@example.com;+1-947-536-4710x2767;UK;Catherinemouth;O;1999-03-23;2024-08-03
76;Vanessa;Reed;xanderson@example.net;+1-415-337-1473;DE;West Soniachester;O;1960-08-04;2025-09-06
77;Erik;Murphy;james27@example.net;774.270.1687x339;CA;West Troyfort;M;1962-12-15;2023-12-19
78;Daniel;Anderson;jessica65@example.org;(609)383-5841x6878;FR;North Phillip;M;1995-01-11;2024-08-17
79;Sheila;Fischer;carriemorales@example.org;4027578729;US;Franciscoport;O;1982-05-10;2024-12-18
80;William;Burns;thomas05@example.com;+1-916-494-0974x99309;FR;Hernandezbury;F;1946-12-10;2025-11-06
81;Daniel;Smith;robert63@example.com;997.702.8385x78652;US;Ericaview;M;1983-05-21;2024-05-02
82;John;Grant;shellyhendrix@example.com;001-837-857-5844x198;FR;Stephanieberg;F;1963-04-02;2024-07-11
83;Jennifer;Reed;vdouglas@example.com;538.548.4219;CA;Lake Rebeccabury;M;1985-02-21;2024-01-21
84;Robert;Love;maldonadoderrick@example.net;(367)573-4540;CA;East Robertburgh;O;2003-10-15;2024-01-09
85;Mary;French;sharonhayden@example.com;9044991547;UK;Nelsonville;M;1965-10-14;2025-05-31
86;Deborah;Higgins;doylekrystal@example.net;+1-732-596-6851x61227;AU;West Patrickmouth;M;1992-06-08;2025-11-10
87;Kevin;Sharp;greenmichael@example.org;6177426841;BR;East Susan;M;1975-01-28;2024-11-10
88;Vanessa;Brooks;ztodd@example.net;339.218.7851;AU;New Amanda;O;1955-04-26;2025-08-29
89;Scott;Frazier;gdavis@example.com;9726867908;BR;South Jonathantown;F;1991-12-08;2025-02-08
90;Brandon;Cooper;weaverbrian@example.org;404.762.2656x7661;IN;East Victoriafurt;M;1978-04-08;2025-05-29
91;Jeffrey;Smith;goodsteven@example.net;+1-668-563-3752;CA;North Lisachester;O;1983-09-10;2025-10-28
92;Pamela;Allen;garciaarthur@example.net;+1-703-706-7383x02843;DE;West Nancy;F;2007-01-18;2024-12-29
93;Robert;Hill;conniesimmons@example.com;8564856624;FR;Allenbury;F;1963-11-24;2025-05-14
94;Linda;Melendez;jfaulkner@example.net;(363)543-5175;AU;West Nicholaston;M;1999-12-28;2024-04-29
95;Kathleen;Ramsey;timothybooth@example.com;603-831-7393x6385;CA;Fergusonstad;M;1964-05-19;2024-09-01
96;Nicole;Owens;ugill@example.org;(856)609-3204x899;UK;East Mark;F;1968-11-18;2025-08-14
97;Victor;Pena;jonathan77@example.com;(252)328-7280;US;Port Adamberg;O;1998-01-11;2024-05-31
98;Jasmine;Smith;nbrooks@example.net;+1-697-270-0886x00848;CA;Drakeburgh;O;1951-09-11;2024-02-22
99;Eduardo;Lee;lisa46@example.org;(867)993-3410x166;CA;Lake Albertburgh;M;1950-02-28;2025-08-22
100;Deanna;Rivera;jacobsonsamantha@example.org;297.440.1489;UK;Alexisborough;O;1981-12-07;2025-06-15
101;Jennifer;Sanders;evansanne@example.net;(785)862-1850x1631;US;Anthonyview;M;1994-04-25;2024-11-07
102;Jeremy;Tran;rreynolds@example.net;+1-761-394-3114x26265;UK;North Sherrymouth;M;1967-08-17;2024-06-28
103;David;Lopez;ghawkins@example.com;801-258-1995;FR;Robertland;M;1990-08-13;2025-01-26
104;Victoria;Sanchez;ginajackson@example.com;647-521-2646x4715;CA;Wheelerborough;F;1973-10-18;2024-03-22
105;Adam;Foster;vbrock@example.com;969-524-5937x52654;AU;Nicholasfurt;M;1967-12-13;2025-10-25
106;James;Osborn;erinpierce@example.net;837.841.6724x342;BR;South Vickifort;O;1981-08-19;2025-01-07
107;Sandra;Kane;ystephens@example.com;001-789-811-3529x096;AU;North Coreybury;M;1977-02-14;2024-12-27
108;Beverly;Johnston;dbrooks@example.net;001-382-350-7146;AU;West Larry;F;1973-08-21;2024-05-13
109;Timothy;Alvarez;cbowen@example.com;440-410-5123;CA;Anitamouth;M;1959-07-23;2024-10-05
110;Jack;Davidson;vfoster@example.net;379.366.0334;UK;West Mark;O;1973-10-11;2024-06-22
111;Michelle;Rose;candice96@example.net;355-479-2499;IN;Davidport;F;1952-04-26;2024-09-11
112;Donald;Price;baileyhenderson@example.com;+1-782-282-7422x5790;IN;Taylorfurt;F;2005-09-02;2024-12-17
113;Troy;Cohen;cmckinney@example.com;(619)403-4043;AU;Cunninghamfort;O;1979-08-02;2024-03-05
114;Danny;Hampton;amber07@example.net;361.934.0745;US;Port Lisaborough;O;1996-01-10;2025-02-15
115;Michael;Page;imartin@example.org;709.658.4982;UK;Ashleyhaven;M;2007-01-14;2025-04-23
116;Cody;Estes;rsellers@example.net;(623)825-3672;IN;Hayesland;O;1970-05-01;2025-06-14
117;Heather;Wiley;uclements@example.net;5179518636;FR;Marcusport;M;1966-03-25;2025-02-08
118;Ashlee;Washington;patricia00@example.org;+1-670-312-7706x3242;CA;Johnstad;M;1986-10-25;2025-04-01
119;Brett;Garrett;rubendavis@example.org;2372129387;CA;Lisachester;O;1988-09-03;2024-11-27
120;Jeremy;Davis;garciamichael@example.com;(462)921-8909;AU;Jenniferberg;M;2002-11-26;2025-03-08
121;Scott;Robinson;taylordavid@example.net;(656)252-3413x8999;IN;Jamiehaven;M;1956-11-01;2024-09-25
122;Debbie;Bowers;troyrodriguez@example.com;+1-491-980-5526x9658;DE;North Brendatown;F;1961-06-20;2024-01-12
123;Bruce;Mccormick;courtney86@example.com;001-561-488-9241x418;CA;Peterland;M;1964-06-29;2024-10-28
124;Stephanie;Allen;christopherhamilton@example.com;+1-690-442-1020x275;AU;Davidview;O;1991-02-15;2024-03-09
125;Rachel;Rogers;enelson@example.com;001-491-677-8507x925;UK;New Emilyville;M;1959-05-05;2024-12-19
126;Bradley;Roy;brandoncox@example.org;(608)363-5365;US;Davidton;M;1956-04-01;2025-07-23
127;Tina;Finley;wileymichelle@example.com;918-570-5349x49375;CA;East Adam;M;1970-10-13;2024-06-01
128;Michael;Franco;tapiaaaron@example.net;(541)838-3670x2410;IN;Stephenland;F;1981-07-16;2024-12-17
129;Dana;Foster;grahamtamara@example.org;345-465-5743x1329;AU;East Shannonmouth;M;1970-07-24;2025-01-08
130;Tami;Clark;steven11@example.org;+1-649-403-5213x56804;IN;South Melissaside;M;1992-01-30;2024-06-13
131;Steven;Lara;davidbrown@example.org;(236)351-9941;BR;Lake Scott;F;1953-01-24;2025-10-05
132;Maria;Rivera;dunlapbrent@example.net;(267)506-6253x24472;US;Victorside;F;1975-02-17;2024-02-16
133;Patrick;Barnes;crystalpham@example.org;(757)587-5985x6420;DE;Port Kimberlyton;F;1995-11-24;2024-11-22
134;Michael;Silva;terrigarcia@example.net;448.503.9652;DE;Lindastad;F;2002-07-13;2024-01-03
135;Jackie;Meza;annalopez@example.com;+1-542-270-1039;AU;Smithborough;M;1995-10-04;2024-08-19
136;Gregory;Lang;brian29@example.net;(718)651-5691;CA;Derekburgh;F;1991-02-02;2024-10-28
137;Danielle;Freeman;grant89@example.com;892.264.4220;CA;New Lucas;M;1995-11-27;2025-03-04
138;Danielle;Garcia;vtaylor@example.org;555.521.5704;US;West Jonathanville;O;1990-05-03;2024-01-18
139;Samuel;Barnes;nicolesnyder@example.com;(286)717-9327x104;FR;Stephanieland;M;1966-06-27;2025-09-23
140;Eugene;Jones;morgantricia@example.com;001-806-629-6201x533;US;Kennethville;O;1948-01-30;2025-02-03
141;Mary;Hernandez;adam14@example.net;+1-897-931-0324x1714;AU;Jacobsonview;O;1950-09-11;2025-01-14
142;Jackson;Mcclure;jacob04@example.com;543.249.0211x586;BR;Cardenaschester;M;2005-10-14;2025-04-29
143;Sharon;Armstrong;thomasmiller@example.net;4894899217;UK;Port James;M;1947-08-22;2024-02-09
144;Felicia;Harris;maryscott@example.net;916-286-8548;UK;Rodriguezberg;O;1954-04-16;2025-02-15
145;Katherine;Ayers;hartcraig@example.com;+1-256-446-7997;UK;Richardfurt;O;1947-05-25;2025-09-24
146;Martin;Young;xmccall@example.org;344-547-1324x75469;CA;Lewischester;F;1991-08-19;2025-06-21
147;Michelle;Nicholson;cameronmckinney@example.com;(289)902-3303;UK;West Janetview;O;1968-02-27;2024-11-17
148;Randy;Leblanc;allentracy@example.com;(679)285-5241;CA;Williamsshire;O;1994-01-29;2024-05-18
149;Jeffrey;Perez;josephortiz@example.org;001-707-922-9034x94466;US;Jefferyport;O;1987-08-13;2025-08-07
150;Randy;Garcia;anna99@example.com;517-215-4544x4328;UK;Guerreroberg;F;1990-05-23;2025-04-06
151;Whitney;Green;vsullivan@example.org;001-693-453-8758;FR;West Connor;F;1953-01-04;2024-06-20
152;Lindsey;Hines;staceylam@example.net;635-934-6554;CA;South Brianshire;O;1981-07-06;2025-03-11
153;Thomas;Lee;dillonpatrick@example.com;(702)423-5697x25217;FR;Cynthiatown;M;1973-06-06;2024-05-15
154;Kim;Johnston;tracygallagher@example.org;(296)566-6760;DE;Stephaniemouth;F;1992-08-19;2025-01-05
155;Andrew;Smith;jeremywiley@example.com;(616)689-4210;BR;Lunahaven;O;1966-03-27;2025-09-23
156;Wendy;Cooper;mhoward@example.org;(803)632-3098x2150;DE;New Virginiaville;F;1986-02-15;2023-12-28
157;Hannah;Butler;qmartinez@example.com;001-823-304-6184x992;FR;West Danielville;M;1976-04-22;2025-03-03
158;Kimberly;Decker;michaelortiz@example.org;3873375300;US;Hernandezland;F;1994-01-22;2024-02-06
159;Jennifer;Conway;stephenmadden@example.com;201.420.4556x110;UK;West Michael;M;1972-07-11;2025-03-12
160;Natalie;Davis;ian66@example.com;967-962-1202x169;CA;New Noah;O;1967-07-18;2024-01-04
161;Gabrielle;Roberson;timothyfreeman@example.com;301.845.0899x358;DE;South Michael;M;1987-07-23;2024-09-20
162;Mary;Grant;smithsarah@example.net;872.817.5354x0838;FR;North Stephen;M;1995-06-07;2024-11-05
163;Melissa;West;hooperjulie@example.org;666-508-8019;CA;Clementsstad;F;1996-12-11;2025-08-01
164;Megan;Rivera;xmoran@example.net;211.430.5548x851;DE;Taylorchester;M;1951-09-10;2025-03-04
165;Jacob;Conrad;ylewis@example.org;001-951-260-9177x982;AU;New Savannahshire;O;1975-05-18;2024-12-19
166;Samantha;Thompson;jessicaanderson@example.com;+1-499-458-6693x46547;DE;Morrisonhaven;O;1963-10-13;2025-05-09
167;Michelle;Joseph;jamesweber@example.com;+1-652-828-8515x87996;US;New Danielfurt;O;1954-02-08;2025-04-16
168;James;Christensen;tonyavega@example.org;5438805719;DE;New Kristen;O;1995-04-11;2024-07-11
169;Elizabeth;House;ybutler@example.net;580-604-3973x59893;UK;Thompsonland;M;1956-09-24;2024-04-19
170;Willie;Bennett;qramirez@example.org;(794)205-7202;DE;Tracyshire;M;1979-08-12;2024-02-05
171;Jasmine;Fox;abigailhartman@example.org;(988)261-5335x55439;UK;Lake Michaelbury;O;2001-12-07;2025-03-06
172;Christine;Haley;patrick16@example.com;+1-240-685-8877;BR;West Willie;F;2004-09-08;2024-04-14
173;Stephanie;Medina;simsjason@example.net;001-336-213-8612x07501;DE;Port Johnathan;O;1949-05-22;2025-08-05
174;Rhonda;Russell;bmccoy@example.com;3617809190;CA;West Kristinport;O;1983-03-02;2024-07-06
175;Sara;James;wellsamanda@example.org;001-268-842-4508x8210;FR;West Jasonstad;M;1958-04-17;2025-10-06
176;Melissa;Thomas;jeffreydavenport@example.org;329-608-7814;DE;East Jessicafort;O;2004-11-23;2024-08-31
177;Emily;Young;christine35@example.com;259.749.2995x562;AU;Port Jeffrey;F;1991-07-24;2024-10-27
178;Mary;Taylor;natalie77@example.com;001-347-281-2914x28341;US;Port Bonniefurt;M;1993-05-30;2024-05-17
179;Benjamin;Green;jvaldez@example.com;(539)442-7881x6580;IN;South Erik;F;1980-08-18;2025-01-30
180;Monica;Thomas;ccrosby@example.org;001-273-214-5303x85677;US;Dakotahaven;M;1984-11-12;2024-06-30
181;Judy;Lane;nicholasgray@example.net;+1-218-446-3865x5779;FR;Martinland;M;1977-05-14;2024-07-06
182;Edward;Moore;guerrerorobert@example.com;001-417-477-3926x0302;DE;New Dylanburgh;M;1961-03-22;2024-04-23
183;Susan;Greene;johnsjessica@example.com;437-497-7236;AU;Garymouth;O;2003-01-22;2025-02-22
184;Casey;Gray;danielharris@example.net;+1-962-491-2799x08811;IN;Port Erikachester;O;1977-11-03;2024-09-09
185;Bradley;Moreno;shawnaolson@example.com;(899)616-2473x149;US;North Jenna;M;1994-09-07;2025-02-08
186;David;Smith;gwendolynstewart@example.com;726-694-4869;UK;Fischerchester;O;1979-09-25;2025-01-24
187;Guy;Hansen;tking@example.net;(262)413-7213x865;BR;Oconnelltown;O;1995-08-17;2025-08-06
188;Thomas;Burke;brownjeffrey@example.org;+1-206-569-8490x277;US;Jameshaven;F;1977-06-12;2024-05-31
189;Gavin;Johnson;dianacantrell@example.org;665-766-9380x118;BR;Sylviaview;F;1959-03-18;2025-11-16
190;Shawn;Powell;greenrichard@example.org;+1-618-945-1848;BR;Hartbury;M;1992-09-02;2025-11-15
191;Stephen;Murray;olsonjonathan@example.com;+1-833-756-5880x4341;DE;New Sarahfort;F;1964-09-22;2024-05-21
192;Audrey;White;victorgonzalez@example.net;343.333.3952;US;Lake Stephaniefort;F;1983-08-16;2025-06-24
193;Amber;Williams;uwatson@example.com;001-447-228-4639;CA;Mendozaside;O;1947-01-02;2024-08-23
194;Michelle;Parsons;sbray@example.net;450.603.6915x594;CA;West Thomas;O;1983-07-30;2024-09-06
195;Victor;Clark;michael64@example.com;(892)893-1438;UK;East Lauren;F;1991-06-24;2024-11-23
196;Alec;Fisher;wendyatkinson@example.net;+1-357-444-8906;IN;East Lisafort;O;1997-10-21;2024-02-22
197;Julie;Green;ann45@example.org;(915)393-9982x45587;BR;Austinmouth;M;1984-09-30;2024-03-28
198;Gary;Morton;robert99@example.com;812-653-5544;BR;Normanstad;M;1992-01-26;2024-12-28
199;Shannon;Jackson;martinezjimmy@example.com;001-313-326-1117x8006;IN;Christineland;M;1986-03-16;2025-09-21
200;Kyle;Wright;scott22@example.net;(900)455-7784;BR;New Carla;O;1984-09-15;2025-03-22
201;Anne;Mills;regina78@example.org;274-456-4240;FR;Justinside;F;1945-06-23;2025-10-18
202;Stacey;Woods;cannonlauren@example.net;508.453.6866;CA;Claytonbury;F;1961-07-09;2024-10-17
203;John;Duran;justin84@example.com;612.924.1797;BR;West Andrew;O;1948-01-30;2025-01-08
204;Jacob;Garcia;david70@example.org;720-973-5647;UK;West Christopherberg;F;1948-06-25;2025-07-03
205;Charles;Harrison;paulawright@example.com;3135673037;US;Priceport;F;2003-12-07;2024-04-07
206;Jessica;Garner;kingdanielle@example.org;(803)513-6502x491;CA;North Biancafort;M;1988-04-27;2024-04-05
207;Kelli;Wright;ndavis@example.com;001-500-252-8127x35857;AU;Howardberg;F;1960-09-29;2024-01-11
208;Jasmine;Hansen;llopez@example.net;(657)749-8218x274;DE;Smithhaven;M;1968-10-30;2024-04-27
209;Andrew;Vincent;malikbrown@example.net;(338)278-2945x6511;CA;East Morgan;M;1957-09-06;2024-12-02
210;Corey;Duncan;hbarrett@example.net;001-994-205-3910x371;CA;Angelachester;F;1996-09-26;2025-07-16
211;Brian;Jensen;navarromary@example.org;581.413.8633;FR;Reeseshire;F;1967-07-03;2024-11-13
212;Elizabeth;Andrade;laurapierce@example.net;528-597-5585x56659;UK;Cannonview;F;1967-08-19;2024-11-08
213;Susan;Smith;birdcaitlin@example.net;(440)343-3504;FR;South Michaelberg;O;1961-08-24;2025-09-24
214;John;Scott;christopher69@example.org;001-315-272-7919x4096;IN;Michaelchester;O;1971-03-12;2025-09-08
215;Molly;Perez;walterscrystal@example.org;980-358-9258x3206;FR;South Keith;M;1969-10-17;2024-03-19
216;Christopher;Duncan;kelleyjose@example.com;562.527.8376x93898;UK;West Kimberlymouth;F;1988-02-02;2025-02-07
217;Daniel;Gutierrez;michael55@example.net;+1-704-425-9792x7033;BR;North Jodibury;O;2004-09-25;2025-10-21
218;Misty;Wilkins;cooperlinda@example.com;970.453.8338x848;DE;South Brandyhaven;M;1947-09-10;2024-04-16
219;Justin;Mccormick;brian01@example.com;+1-345-410-4636x81579;UK;New Tammy;O;1980-04-10;2025-05-17
220;Bernard;Nielsen;matthew62@example.org;(655)543-8404x608;IN;West Penny;F;1986-05-03;2024-02-16
221;Patrick;Yu;robertberry@example.com;495-878-2329x8324;FR;Lake Sarah;F;2002-09-23;2024-08-02
222;Angela;Fry;whitemary@example.org;001-205-666-4742x3122;UK;New Jesse;F;1988-04-03;2024-09-01
223;Hailey;Woods;xjoseph@example.org;(577)522-3306x0463;CA;East Saramouth;F;1999-07-31;2024-12-06
224;Mark;Ellis;ronaldparsons@example.net;001-965-269-9988x0817;US;New Amanda;O;2006-12-06;2024-01-11
225;Paul;Hubbard;leescott@example.com;001-347-426-4908x27718;IN;South Robert;M;1973-05-10;2024-04-22
226;Brittany;Marquez;nicoledavis@example.com;001-421-811-7518x689;CA;Williamsburgh;F;2002-06-03;2025-01-30
227;Donna;Hernandez;haroldjoseph@example.com;947-942-1230x9407;IN;New Nicolebury;M;1958-08-13;2025-04-09
228;Shawn;Ramos;sanchezamy@example.net;+1-683-702-2050x2099;FR;North Danielburgh;O;1955-02-12;2024-07-08
229;Donna;Graves;tammycurry@example.com;3146556168;FR;Taylorview;O;1965-09-10;2024-10-11
230;Jason;Clark;rodriguezjessica@example.net;917.994.6954x89952;UK;Mortonbury;O;1989-08-04;2025-11-28
231;Aaron;Johnson;mclaughlinjared@example.net;(760)255-8303x44144;DE;Lake Mathewfurt;O;1990-08-03;2025-03-08
232;Anthony;Thompson;martha77@example.org;+1-727-227-8576x0849;DE;New Gina;O;1995-04-28;2025-09-23
233;Michael;Montes;mary56@example.net;+1-729-296-2914;IN;Robertfort;F;2000-03-15;2024-09-10
234;Maria;Turner;gregory50@example.org;978-607-8235;IN;Douglasville;O;1996-09-29;2025-10-29
235;Erica;Anderson;stevensjennifer@example.net;304-609-1570;DE;New Katherineborough;O;1965-03-02;2024-05-02
236;Joshua;Flores;rlambert@example.org;(741)709-8813;BR;Donaldport;M;1981-02-12;2024-04-17
237;Larry;Mcclain;bwilliams@example.com;+1-601-760-1662x99795;IN;Lake Katherine;O;1995-12-08;2024-02-09
238;Sandra;Duran;christopherlang@example.net;817.447.7332x945;IN;Kristinamouth;O;1973-07-05;2024-01-05
239;Thomas;Bell;ssingleton@example.com;+1-992-881-6158x148;BR;Allenbury;O;1979-06-22;2025-11-24
240;Patrick;Peterson;bmueller@example.net;983-421-9719x97581;DE;Stephanieland;F;1982-08-22;2025-04-28
241;Candace;Wilkins;troy01@example.org;(990)522-7846;US;Lake Natalie;F;1963-11-01;2025-07-16
242;Erin;Sellers;wrobbins@example.org;001-209-286-2405;DE;Danielport;M;1999-06-28;2024-06-02
243;Jacqueline;Long;jennifer66@example.com;+1-832-472-3865;IN;Whitneyberg;O;1953-05-30;2024-02-04
244;Alfred;Griffith;ibarrett@example.org;(867)996-9278;FR;Kellyburgh;F;1971-09-18;2023-12-19
245;Tyrone;Simon;robert89@example.com;4096751971;AU;Blackhaven;F;2001-01-05;2024-02-16
246;Thomas;Harmon;suttonamber@example.net;790-658-0778x7956;CA;Garyport;O;1990-10-01;2025-01-29
247;Bryan;Kennedy;ashleydouglas@example.com;001-690-647-1281x4429;AU;Alexisville;O;1982-12-28;2025-10-09
248;Joanne;Hopkins;lindsey43@example.com;(880)851-2927;BR;Lake Scott;O;1985-02-12;2024-05-16
249;Jessica;Reed;karla10@example.org;867.247.8366x742;UK;Saramouth;F;1969-01-06;2024-07-31
250;Alyssa;Blanchard;hardindana@example.com;+1-545-744-1496x739;FR;West Amy;M;1987-05-04;2025-08-12
251;Alexander;Davis;jenningsmichael@example.net;343-400-9109x3911;CA;Douglasshire;O;1995-07-21;2024-04-27
252;Daniel;Lopez;steven17@example.com;001-465-942-1406x65044;DE;South Tiffanyborough;M;1983-05-27;2024-04-22
253;Travis;Thomas;probinson@example.org;241.201.1947x072;CA;Adamsmouth;M;2001-12-10;2025-02-06
254;Zachary;Case;zmendoza@example.net;001-218-330-6719x85546;US;Amandamouth;M;1950-01-08;2024-11-13
255;Katie;Holland;angelaponce@example.net;446.215.7173;CA;North Jennifer;F;1982-04-22;2024-12-05
256;Bryan;Fernandez;victor70@example.org;205-406-1387x82931;UK;Valdezfort;F;2002-02-07;2025-03-10
257;John;Banks;jacksonbrendan@example.com;579-329-1117;IN;South Matthew;O;1997-08-11;2025-06-05
258;Richard;Martinez;marcoconnell@example.org;001-909-525-1142x62582;CA;East Craigfurt;O;1993-12-10;2023-12-25
259;Tony;Smith;saramann@example.net;267-423-2487x6329;IN;Salazarland;F;1984-06-18;2025-07-08
260;Michael;Smith;jamesdowns@example.org;+1-958-983-7340x312;IN;East Elizabeth;M;1947-09-02;2025-03-29
261;Justin;Hamilton;christina70@example.org;001-708-822-0781x1379;BR;Lake Erica;O;1965-06-21;2025-07-05
262;Mark;Garcia;ykane@example.org;979-470-6239;US;Brooksmouth;M;1990-04-20;2025-03-20
263;Theresa;Harris;antoniocarroll@example.com;(417)476-2534;IN;North Robert;M;1977-10-27;2025-09-04
264;Javier;Wells;uramirez@example.com;001-233-956-9392x9060;BR;South Amandafort;O;1995-12-18;2025-05-06
265;Corey;Simpson;hansenalexander@example.net;(232)954-3107x42799;AU;Ingramfurt;M;1956-08-08;2025-09-11
266;Courtney;Padilla;daltonchad@example.net;780-246-4989x31950;CA;South Michaelton;M;1967-12-25;2024-04-20
267;Angelica;Jones;devonrogers@example.net;879-633-5548;AU;North Nathanmouth;M;1975-08-02;2025-01-02
268;David;Mckinney;shannon51@example.org;911.462.4112x412;AU;New Stephanie;O;1946-05-20;2024-10-13
269;Faith;Huynh;creed@example.net;+1-904-931-0385x6955;FR;Torresberg;F;2001-07-17;2024-07-25
270;Kristina;Perez;tara02@example.com;272-792-8422x2231;IN;South Jorge;O;1956-07-29;2025-01-28
271;Austin;Stewart;earl78@example.org;+1-441-206-7275;AU;Deborahport;M;1974-10-22;2024-07-12
272;Sherry;Hooper;laurenchandler@example.com;317-702-8140x69375;AU;New Danielleshire;F;1978-02-12;2025-07-07
273;Katie;Gonzalez;ryansean@example.net;286-737-5998;DE;Hernandezchester;M;1968-03-28;2024-09-11
274;Justin;Bell;fsawyer@example.org;001-576-674-2662x9912;DE;Mcneilhaven;O;2007-02-09;2024-01-31
275;Susan;Avila;smithdanielle@example.com;(628)979-2326x48704;AU;Walkertown;O;1954-08-28;2024-07-20
276;Danielle;Fields;valdezpatricia@example.com;(773)901-4719;CA;Oneillfort;F;2006-04-30;2025-08-03
277;Nathaniel;Quinn;brucefrancisco@example.org;(857)725-2045;AU;West Kellyland;M;1977-04-29;2025-06-26
278;Isaac;Davis;amybrennan@example.net;945-818-9520x2845;DE;Samanthaburgh;M;1951-05-28;2024-04-04
279;Jeffrey;Lopez;butlersabrina@example.org;(707)454-5279;DE;Anthonyville;F;1958-12-17;2025-08-31
280;Douglas;Perez;jasonzavala@example.com;001-211-907-6031x089;FR;West Bradleyport;O;1987-01-04;2025-06-17
281;Kimberly;Mora;brianagonzalez@example.net;(301)324-9552x893;UK;New Jayborough;M;2005-09-12;2024-04-17
282;Karen;Smith;glasssamantha@example.net;859.327.1256x6383;BR;Davidville;M;1977-09-10;2024-12-10
283;Michael;Roberts;millertristan@example.com;779-447-3864x6317;IN;Lake Travisville;O;1969-12-03;2024-12-30
284;Erica;Wilson;lmorales@example.org;001-621-653-5396x1367;BR;Kellyfurt;O;2007-03-01;2024-12-21
285;Dylan;Gibson;kingtyler@example.net;(701)401-7026;CA;Christyville;M;1992-11-03;2025-04-10
286;April;Vasquez;qharris@example.com;784.885.8800x6167;IN;Stevenston;F;1956-02-04;2025-04-09
287;Kimberly;Dyer;travistaylor@example.net;(271)897-8897x7828;FR;Troyfurt;O;1983-10-26;2024-08-27
288;Tiffany;Flores;garzadavid@example.com;(590)556-1655x650;AU;Lake Larry;F;1950-04-21;2025-04-29
289;Misty;Wilson;andrewnguyen@example.com;+1-769-386-4079x05696;US;Garciaborough;M;1966-02-12;2024-12-15
290;Kathy;Morgan;michael63@example.com;+1-318-734-4049x6391;IN;Carloshaven;F;1974-11-22;2024-05-15
291;Laura;Pearson;william46@example.net;+1-453-266-4987;US;New Victor;O;1986-08-01;2025-08-07
292;Sharon;Adams;umichael@example.net;8838572324;IN;Michelleland;F;1984-11-20;2025-08-23
293;Joseph;Mitchell;jonathanburke@example.com;812.830.3477;US;East Erikberg;F;1946-10-15;2025-07-13
294;Joshua;Pierce;stuarttodd@example.org;8154941651;DE;North Ashley;F;1976-06-19;2024-03-11
295;Elizabeth;Carpenter;tyler13@example.net;355-496-3632;IN;West Scott;O;1960-12-21;2025-02-16
296;Tracy;Brooks;stewartrodney@example.net;242.257.5409;CA;West Angela;F;1964-06-08;2025-11-13
297;Michael;Burnett;nicholsjoel@example.com;(206)644-1343x2756;CA;Port Kimberlyfort;F;1974-08-18;2024-10-10
298;Maureen;Love;hollowayholly@example.net;456-998-5700;IN;North Richard;F;1984-07-14;2024-07-30
299;Christopher;Moore;melaniejennings@example.com;472.842.9543x165;US;Duffyshire;F;1959-02-04;2025-11-06
300;Sandra;Holland;rebeccamccann@example.org;320-269-6942x152;FR;Ayalamouth;O;1997-01-25;2024-12-09
301;Jeffrey;Harris;keith76@example.org;(939)534-3626x20443;IN;Brandimouth;O;1950-05-09;2024-11-20
302;Monica;Mccann;tmcdaniel@example.com;001-769-241-1800x537;BR;West Williamfurt;F;1964-01-04;2024-09-27
303;Nathan;Donaldson;carpenterjorge@example.net;457.921.5862x4150;BR;Juliechester;O;1962-10-11;2025-09-15
304;Chloe;Juarez;zachary62@example.com;001-672-487-0320x3207;US;Grahamfort;F;1947-07-10;2024-08-30
305;Jenna;Washington;urodriguez@example.org;551-234-2284;US;South Samantha;M;1960-06-17;2024-12-12
306;Clinton;Murphy;erin16@example.com;001-615-220-1777;IN;Taramouth;M;1965-06-03;2025-05-31
307;Jessica;Bernard;jasonwilliams@example.net;350-218-9616x4236;AU;East Paul;M;1970-04-21;2025-03-31
308;Stephanie;Moore;travis64@example.net;+1-825-315-8377x674;US;Shepherdburgh;F;1972-04-19;2024-10-20
309;Billy;Peterson;prhodes@example.net;001-427-488-1476x174;IN;Mckenziehaven;F;1971-11-25;2025-02-01
310;Andrea;Lowery;dixonrobert@example.com;+1-294-354-9180x17226;CA;Mcdowellport;F;1964-09-23;2025-05-26
311;Katherine;Cole;matthew23@example.org;394-216-8006;FR;Lake Thomas;F;1988-07-14;2025-09-09
312;Tammy;Guzman;nturner@example.com;001-564-912-2031x030;IN;Lake John;F;1998-01-01;2025-09-01
313;Amanda;Miller;bhernandez@example.org;522-577-7079;IN;Ashleyfurt;F;1948-02-28;2023-12-19
314;Crystal;Marquez;vallison@example.net;+1-284-207-6789x973;UK;Rayside;F;1948-12-14;2025-09-26
315;Robert;Kennedy;pdean@example.com;760.924.3757x383;US;West Jennifer;O;1969-07-18;2024-10-13
316;Shelly;Delgado;laura29@example.org;517-522-3297x1674;US;North Michaelview;F;1967-06-12;2024-04-07
317;Maria;Kline;romanmatthew@example.org;+1-431-383-7455x084;CA;South Laurenville;O;2006-05-09;2025-07-07
318;Chelsea;Garrison;colonbobby@example.org;(313)452-4787;UK;Matthewberg;O;1952-09-12;2024-05-09
319;Tara;Hammond;sanchezlisa@example.com;482-814-5653x2863;US;Hardinmouth;M;2004-11-30;2024-12-25
320;Evelyn;Acevedo;athomas@example.net;611.855.6260x60290;CA;Blackwellside;M;1999-12-26;2025-05-24
321;Lee;Cooper;rachel92@example.net;(773)889-9756x3410;US;New Victoria;O;1962-11-03;2024-02-19
322;Andrea;Boyd;andrewzamora@example.net;001-643-746-8105;BR;North Katherineville;M;1973-03-22;2025-02-04
323;Adam;Morgan;lindazhang@example.net;001-389-735-4492x683;BR;Port Kimberly;F;1973-07-28;2024-03-30
324;Ronald;Jenkins;brownpamela@example.com;871.658.6988;UK;Fieldsmouth;O;1988-05-11;2025-11-05
325;Jessica;Butler;drewmartinez@example.net;328.881.3770x285;CA;North Mikeport;F;1947-06-28;2024-04-04
326;Nathan;Ritter;kelly02@example.org;001-360-744-3270;DE;Port Bradleyfort;F;1981-01-20;2025-01-30
327;Rachel;Harrington;mdavenport@example.org;001-828-777-7251x99663;BR;Lake Pamelaview;O;1985-08-23;2025-09-07
328;Jasmine;Armstrong;ann18@example.org;298.390.9837;UK;North Joshua;M;1957-12-01;2025-08-11
329;Mary;Riley;romancatherine@example.com;001-707-805-6260;DE;Christopherville;M;1979-01-31;2024-07-09
330;Ian;Tate;kristopherrussell@example.org;7954200461;US;Orozcoview;F;1968-08-10;2025-08-10
331;David;Harris;trevorgoodwin@example.com;240-857-8617;IN;North Joseph;F;2005-08-25;2025-04-20
332;John;Peters;kevinrussell@example.org;+1-283-925-8238x6870;CA;Deniseburgh;M;1944-12-26;2025-10-26
333;Timothy;Harper;okidd@example.org;001-384-802-8914;CA;Port Donaldside;M;2007-11-16;2025-09-16
334;Jason;Wagner;nicole54@example.net;943.255.3795x020;DE;Lake Glennside;O;2001-05-09;2025-05-11
335;Kathryn;Medina;ryanpatricia@example.net;515.969.5620x175;UK;East Juliaview;O;1987-10-29;2025-05-15
336;James;Velasquez;lindsey33@example.com;(904)479-3036x149;US;Lake Joanne;F;1987-04-19;2025-02-26
337;Gregory;Chapman;andersonsarah@example.org;843.608.9487x06056;IN;Lake Aprilfort;O;1967-09-22;2025-06-20
338;Nicole;Walker;samantha87@example.com;3635519036;FR;East Mark;M;1948-11-29;2025-03-15
339;Anthony;Reynolds;watkinsconnie@example.com;931-373-5058x319;FR;Rileyland;M;2006-05-06;2025-10-14
340;Nicholas;Wu;pattonbryan@example.com;6498611080;IN;Davischester;F;1959-08-21;2025-02-24
341;Donna;Smith;bmarshall@example.net;+1-315-507-8593x110;UK;Lake William;F;1967-05-05;2024-11-29
342;Christine;Lopez;laurabrown@example.com;001-968-654-9822;FR;Kellytown;O;1977-07-25;2025-04-07
343;Duane;Young;hendersonjames@example.org;+1-631-853-7795x9959;AU;Francismouth;O;2000-02-23;2025-10-09
344;Tyler;Mora;heatherowens@example.org;275.363.6205;BR;Anthonyville;F;1953-12-03;2024-10-30
345;Crystal;Durham;bradley03@example.org;323-242-5832x3024;BR;South Diana;O;2000-09-15;2024-08-17
346;Jason;Bryant;lisa28@example.net;(211)522-3386x55963;DE;Kristinemouth;O;1960-07-10;2025-03-18
347;Joshua;Martinez;fclark@example.com;+1-991-928-6857x87255;AU;Adamsfurt;F;1985-02-24;2025-07-13
348;Debra;Clark;shannonyoung@example.org;766-592-5481x2147;IN;South Williammouth;O;1971-10-18;2024-11-19
349;Robert;Ballard;joshua02@example.com;341.651.4888;DE;North David;F;1967-08-25;2025-01-16
350;Matthew;Leonard;kevin43@example.net;+1-928-440-4456x690;CA;Perezborough;M;1974-11-03;2024-12-25
351;Kristi;Todd;fpeterson@example.com;466.437.7805;DE;Sherrytown;F;1976-06-09;2025-04-08
352;Michael;Perez;zjennings@example.net;+1-745-890-9022;CA;Harrisfurt;F;1948-12-18;2024-09-21
353;Thomas;Murphy;tfowler@example.org;(518)320-9702;IN;Campbellbury;F;1963-04-17;2024-12-31
354;Shawn;Wood;jacksonmichele@example.com;(821)928-6716x3234;US;New Barbara;F;1964-07-02;2024-05-10
355;Jennifer;Stevens;adrianthomas@example.org;(993)785-9777x9014;FR;Peterburgh;M;1971-02-06;2024-04-23
356;Christine;Reynolds;lbartlett@example.net;001-316-503-2484;AU;Jenkinsside;M;1952-08-03;2024-09-08
357;Karina;Gordon;robert24@example.org;307.401.7656x36004;FR;Ellenmouth;F;1975-06-29;2024-02-01
358;Amy;Allen;rtaylor@example.org;(409)312-4186;FR;Lake Joshuamouth;F;1967-07-06;2024-05-20
359;Austin;Leonard;scottwilliams@example.net;516.347.0900x63353;DE;South Anthonytown;O;1966-03-11;2024-05-02
360;Elizabeth;Walker;roblesmaria@example.org;001-820-868-1558x3938;US;East Jasonstad;O;1965-04-28;2023-12-24
361;Destiny;Smith;stephenjones@example.com;+1-495-601-3649x7189;CA;New Markfurt;M;1987-08-29;2025-11-23
362;Heather;Rivera;tiffany71@example.com;2995768389;CA;New Katherineville;O;1964-05-29;2025-06-05
363;Katherine;Harvey;taylorvictor@example.org;(663)703-9752;IN;New Latoyachester;F;1985-10-11;2024-07-11
364;Andrew;Bradford;matthew38@example.org;+1-233-496-8527x01713;CA;East Christopher;O;1982-04-15;2025-08-12
365;Sarah;Young;simmonsstuart@example.org;001-933-362-9344x9734;AU;Raymondburgh;O;1974-08-10;2024-10-17
366;Chelsea;Hamilton;lorileon@example.org;001-966-614-9828x24674;AU;Hartfort;F;1949-06-26;2024-03-22
367;Taylor;Moore;adamhensley@example.net;001-257-366-6567x4916;US;Frederickburgh;M;1957-03-10;2024-10-27
368;Jonathan;Gentry;william75@example.net;4666337050;DE;Blackburnberg;M;1960-12-21;2025-02-26
369;Stephanie;Skinner;wilsonchristopher@example.net;(869)618-3626x4488;IN;Goodwinland;O;1951-11-02;2025-02-04
370;Lauren;Olsen;kaitlyn64@example.org;(870)411-6864;CA;West Jacob;F;1953-05-31;2024-12-03
371;Wayne;Rodriguez;jacobbrown@example.org;001-334-767-9121x41614;FR;New Jimmyfort;F;1987-05-04;2024-02-25
372;Bruce;Walton;ortegakristina@example.org;938-706-9847;FR;Rogersmouth;F;2007-12-01;2025-08-02
373;Shelley;Ortega;wbishop@example.com;607-562-0918;FR;Shannonfort;F;1977-05-23;2025-04-09
374;Aaron;Little;allen50@example.net;573-497-6915x67164;AU;East Tylerland;F;1963-12-09;2025-04-19
375;Ana;Baxter;peggyfriedman@example.com;+1-583-633-2116x02564;DE;Lynnville;F;1986-11-16;2025-10-18
376;Cynthia;Vasquez;monica99@example.org;+1-356-768-6334x1411;CA;Lake Sheri;M;1981-01-15;2024-03-16
377;Lawrence;James;collinsbrittany@example.org;(965)752-8993x1608;CA;Port Sherri;F;1997-09-11;2024-12-13
378;Stephen;Guzman;juliesweeney@example.net;5959481497;UK;Janetfurt;O;1948-08-28;2025-07-28
379;Eric;Moran;isabellawilliams@example.org;364.620.8656x7566;BR;Heatherborough;M;1989-02-13;2025-01-17
380;Connor;Morris;hornjenna@example.com;+1-329-427-7423x3305;CA;Clementschester;O;1987-10-04;2024-04-14
381;Brian;Kelly;dwhite@example.org;459.862.6301x36749;AU;Port Stevenfurt;F;1962-04-16;2025-04-04
382;Michael;Wilson;martinezdarlene@example.net;409.899.7419;DE;Cookechester;M;1963-10-01;2024-03-14
383;Mark;Reeves;richardhaynes@example.com;+1-588-371-8981;CA;Port Carol;F;1956-04-15;2025-01-22
384;Lauren;Martinez;baileydelgado@example.org;+1-440-811-8458;CA;East Kevinhaven;F;2001-12-10;2024-07-15
385;Amanda;Taylor;hneal@example.com;+1-488-531-0303x243;BR;Joshuachester;F;1949-08-21;2024-06-17
386;Patrick;Mckee;qbryant@example.net;(728)831-4359x89262;US;Johnsonbury;O;1949-11-01;2024-03-14
387;Daniel;Kelley;murphychristopher@example.com;001-642-934-0163x61128;BR;New Michaelshire;F;1999-06-21;2025-01-20
388;Catherine;Mosley;louiswalton@example.org;(488)496-7924x082;US;Bradleyview;M;1948-04-13;2025-05-27
389;Terri;Zimmerman;erikabarnes@example.com;(575)678-4468;DE;West Richardmouth;O;1998-03-15;2025-03-21
390;Chase;Allen;martinbrian@example.net;287-506-8277x8816;BR;Lake Ronaldside;O;1992-03-06;2024-06-09
391;Joanne;Tapia;lawsontami@example.net;001-783-321-5285x06762;AU;Robinbury;M;1997-05-08;2025-08-26
392;Michaela;Roberts;ncarter@example.org;001-996-734-8079x7050;US;Michaeltown;O;1966-12-26;2025-05-25
393;Richard;Smith;fvasquez@example.net;826.417.0243x76545;DE;Danielmouth;F;1986-04-18;2024-10-30
394;Donald;Burgess;howardmonica@example.org;434-502-6650;AU;Moyerview;F;1952-06-08;2024-12-05
395;Tyler;Maldonado;markduran@example.com;862.211.0225x80305;FR;Castilloport;M;1975-07-26;2025-06-22
396;John;Hernandez;johnwang@example.com;001-536-337-1892x392;US;South Benjamin;F;2007-05-07;2025-10-23
397;Ronald;Jensen;linomar@example.net;733-656-7086x0414;AU;Jenniferbury;M;1965-02-06;2024-01-17
398;Blake;Williams;jason74@example.net;362-247-5541;UK;West Michael;F;1995-12-25;2025-06-09
399;Brianna;Jacobs;debraclark@example.com;912-391-0933;AU;New Christineport;M;1990-08-25;2025-12-06
400;James;Le;andersonrobert@example.net;285-457-1617x688;US;Heatherberg;M;1963-03-14;2025-11-11
401;Bruce;Compton;joysanders@example.net;+1-881-627-8686;BR;East Adam;O;1980-12-24;2025-02-18
402;Alan;Mcfarland;ugordon@example.net;643-244-8123x083;DE;West Sara;M;1961-12-27;2025-07-13
403;Dawn;Wright;amandasmith@example.com;+1-295-751-8426x9450;CA;Lake Tammy;M;1956-02-01;2025-11-23
404;Amanda;Irwin;sharphailey@example.net;998-537-3543x962;IN;Richardsonfort;O;1950-11-08;2024-04-24
405;Jackson;Huffman;ashleyharding@example.org;+1-540-942-2693x1216;CA;Garciahaven;O;1953-08-08;2025-06-14
406;Alexander;Garcia;asmith@example.net;3237142900;IN;East Donaldshire;F;2001-03-03;2025-08-01
407;Kyle;Mendoza;brianholt@example.net;+1-810-401-8418;AU;East Andrewchester;F;1969-03-25;2024-08-28
408;Justin;Dorsey;tmcdaniel@example.org;221.431.4519x5151;IN;South Alyssa;F;1982-09-23;2025-04-23
409;Edward;Contreras;colleen45@example.org;975-341-0225x267;US;New Ronaldview;O;1954-01-24;2024-08-06
410;David;Saunders;luis67@example.net;(595)823-6687x88788;UK;New Jenniferhaven;M;1981-05-10;2025-05-03
411;Kaitlin;Warner;michaelharris@example.org;(887)521-0552x472;CA;Port Jeffrey;F;1992-01-05;2024-03-08
412;Heather;Thomas;hortonroger@example.org;001-519-317-9202x521;UK;New Mariahchester;M;1954-05-20;2024-04-25
413;Julia;Adkins;theodore57@example.net;001-804-812-0092x820;CA;Spencerview;M;2002-11-09;2024-12-14
414;Jenna;Henderson;josephdavis@example.com;(336)990-3628;UK;Edwardsfurt;M;1997-01-25;2024-04-12
415;Linda;Lucas;josephgarcia@example.com;+1-650-534-2811x390;US;Lake Sarah;F;1960-02-04;2024-02-14
416;Ashley;Williams;uwilliams@example.org;805-346-8356x5215;AU;North Brenda;O;1969-01-09;2025-02-14
417;Melissa;Roberts;faithmiller@example.net;733-922-8898;AU;West Kelly;F;1984-03-25;2025-10-31
418;Billy;Marquez;nallen@example.net;329-971-0248;US;South Leeport;M;1955-02-15;2024-07-05
419;Michael;Davis;jennifermurray@example.com;472-919-7054x669;DE;Williammouth;O;1968-06-29;2025-04-25
420;William;Baker;oliverdawn@example.net;880.321.4629;DE;South Morgan;O;1987-02-09;2024-08-25
421;Taylor;Nichols;lrodriguez@example.net;966-536-5155;AU;Wilsonmouth;M;1947-05-13;2024-04-05
422;Theodore;Bowman;ashley96@example.org;(467)330-3064x421;CA;Richardport;F;1999-12-31;2024-11-07
423;Robert;Lewis;jack01@example.com;242-535-6778x26596;CA;Lake Elizabethberg;F;1965-05-07;2025-12-04
424;Sheila;Newton;alexis72@example.com;816-448-0727x91033;UK;Robinsonborough;O;2004-12-13;2025-11-23
425;Barbara;Smith;allen48@example.org;001-477-966-5586x851;CA;Brooksside;O;1982-06-06;2025-01-13
426;Patrick;Bruce;swalters@example.net;311-910-9617;BR;Lake Kellychester;F;1958-04-20;2025-07-03
427;Andrea;Wilson;wsampson@example.com;(260)253-8444x46306;BR;East Krystalhaven;M;1996-08-11;2025-02-24
428;Matthew;Haley;zallen@example.org;+1-860-596-2626x582;US;Lake Lauriehaven;M;1952-05-29;2025-02-07
429;Philip;Gill;mary25@example.org;310-860-9209;DE;Lake Jessicamouth;O;1984-12-02;2025-07-04
430;Jacob;Delgado;kennethnichols@example.org;001-364-304-1209x1179;DE;West Jose;F;1956-05-01;2024-02-08
431;Megan;Durham;peterhenry@example.org;(217)313-6657x22402;UK;Victoriafort;F;2007-08-19;2025-02-24
432;Adam;Boyd;sara39@example.org;+1-208-782-3513;DE;East Christopher;O;1988-07-09;2024-03-15
433;Joshua;Gonzalez;baileyandrea@example.com;676.486.3423x461;IN;Lake Tony;F;2000-07-27;2024-10-18
434;Julie;Cabrera;lawsonruben@example.net;(751)872-0849x649;AU;North Hectormouth;F;1972-01-02;2024-04-27
435;John;Lewis;nathan51@example.org;505-337-9538x16493;UK;Jenniferland;O;1981-02-09;2025-03-30
436;Evelyn;Graham;james07@example.com;8465117295;US;West Andrewshire;F;2007-03-11;2025-10-10
437;Justin;Skinner;ijohnson@example.net;7507171644;FR;Millermouth;O;1976-01-23;2024-01-17
438;Kenneth;Riggs;hallison@example.com;+1-310-530-0215x632;DE;Lisaside;M;2007-04-17;2025-10-26
439;Miranda;Green;rodriguezstacey@example.org;459-864-2297x125;UK;Barnetthaven;M;1978-03-10;2025-02-08
440;Donna;Bray;kendra73@example.org;241-558-3311x703;US;Cardenasborough;O;1975-09-03;2024-08-18
441;Lisa;Gill;kathleen47@example.net;(581)823-5679;DE;North Joshua;O;1955-04-19;2024-07-25
442;Molly;Wong;stevenrodriguez@example.org;707.624.0787;US;New Christopherchester;M;1958-04-24;2024-09-29
443;Ryan;Cook;gnelson@example.org;+1-866-334-3629x4897;AU;Lake Johnville;O;1958-10-14;2024-01-21
444;Austin;Adams;pateljoshua@example.net;001-666-661-3473x235;AU;North Jacksonfort;F;1991-07-07;2025-08-28
445;Hailey;Jackson;jacksonmartin@example.com;(407)265-0241;BR;Tarashire;O;1945-01-06;2025-09-12
446;Thomas;Williams;bradleyveronica@example.org;682.721.1457x75847;IN;Smithstad;O;1963-12-04;2024-08-13
447;April;Beck;rrodriguez@example.net;001-502-363-2570x3965;AU;South Danielle;M;2005-10-10;2025-09-15
448;Erika;Nolan;harcher@example.org;755-369-6443x098;AU;Popeshire;F;2005-12-11;2025-07-15
449;Keith;Montes;jho@example.com;+1-228-549-8247x41407;IN;Margaretville;F;1948-04-20;2024-07-24
450;Russell;Keller;williamsdevin@example.com;782.514.2369x14307;FR;Hendersonville;O;2001-03-18;2025-10-16
451;Carla;Thompson;ushelton@example.net;(334)626-8344;UK;Gardnerfurt;M;1994-03-30;2025-08-14
452;Cody;Rose;william57@example.com;(776)467-0806x12943;FR;Brianfurt;F;1952-11-19;2025-04-16
453;Steven;Hines;fcombs@example.org;215-591-4975x019;AU;New Joy;F;1976-02-26;2024-05-25
454;Emma;Phelps;courtney07@example.net;001-331-910-2918x133;IN;Port Williamfurt;O;1948-06-16;2024-03-12
455;Richard;Mcgrath;meaganpayne@example.net;+1-979-916-2022x32883;US;Keithville;F;2005-05-16;2024-12-08
456;Elizabeth;Myers;marshalllisa@example.org;2479196094;UK;West Sydneymouth;F;2000-07-17;2024-11-13
457;Albert;Moore;michaelmccarthy@example.com;812.925.9572x44617;DE;New Jeanette;F;1976-11-21;2025-04-08
458;Jonathon;Wolfe;breanna61@example.org;5233117753;UK;Lake Patricia;F;1992-07-26;2024-10-16
459;Caleb;Salazar;johnsonkaren@example.com;001-659-902-5176x29833;US;Sheltonbury;O;1957-08-17;2024-04-10
460;Lisa;Stokes;christopherjohnson@example.net;330-720-5698;AU;Lake Jessica;F;2002-05-05;2025-03-27
461;Tyler;Collier;wmason@example.net;+1-421-676-6191;US;North Victorton;M;1982-11-05;2024-08-11
462;Jeffrey;Shepard;peter51@example.org;318-993-8984x6908;FR;Deniseton;O;1966-04-01;2024-06-21
463;Matthew;Hubbard;jamesmontoya@example.com;001-903-471-9905x16991;AU;Jenniferville;O;1947-03-13;2024-12-19
464;Debra;Reynolds;kimberly30@example.org;8388960870;AU;South Jacqueline;M;1979-07-29;2024-03-07
465;David;Gilbert;michael56@example.org;231.290.3689;CA;Port Brian;F;1948-07-09;2024-10-29
466;Justin;Edwards;whitneyanderson@example.com;611.514.8375x3745;BR;Luisside;F;1976-09-01;2024-01-22
467;Rachel;Thornton;nramirez@example.org;934.283.1520x37710;AU;Joshuafurt;O;1963-11-17;2025-11-18
468;Brian;Bond;ysimpson@example.com;703.236.2680x408;AU;Sandraview;M;1995-12-30;2025-02-17
469;Katherine;Peterson;yglenn@example.net;001-401-886-4876x9984;US;Reesebury;O;1953-04-05;2023-12-25
470;Lauren;Tapia;lutzkelsey@example.com;796-609-4544x90149;CA;South Steven;O;1972-08-31;2024-11-18
471;Tammy;Castillo;rickyriley@example.org;598-451-7244x472;BR;Port Christine;F;1948-01-28;2024-03-06
472;Benjamin;Cohen;criley@example.net;001-330-344-0580x935;US;Wilsonland;O;1959-11-18;2024-08-08
473;Nathan;Carson;bjones@example.com;(605)295-5657;IN;West Bradley;M;2003-07-24;2025-10-10
474;Anthony;Lynch;william89@example.net;(836)390-2611x398;CA;New Thomashaven;M;1977-09-24;2024-08-01
475;James;Johnston;marklloyd@example.com;775.313.7651;AU;Denisebury;M;1973-03-27;2024-10-15
476;Ashley;Serrano;sarasanchez@example.com;+1-992-594-4551x16682;BR;South Alexis;F;1952-07-24;2024-06-23
477;Angela;Conrad;martinezaustin@example.com;4218288665;DE;Lake Kelly;O;1966-03-03;2025-08-07
478;Matthew;Franklin;mcknightbrandon@example.net;(476)276-4722x981;DE;Emilymouth;F;1968-11-07;2024-10-29
479;William;Chapman;halltrevor@example.org;001-788-498-6456;AU;North Lisa;F;1991-03-26;2025-12-06
480;Jason;Stone;cory42@example.org;347-573-2449x1342;CA;North Carmen;F;1947-06-16;2025-09-25
481;Amanda;Lee;bwall@example.com;349.367.8274;BR;Onealfort;F;1961-07-10;2025-09-05
482;Victoria;Dennis;schmittlinda@example.net;315.728.5478;CA;South Craighaven;O;1964-12-15;2025-08-20
483;Donna;Rich;averycourtney@example.org;(496)933-4727;BR;Davidland;M;2004-11-07;2025-08-31
484;Kara;Smith;henrycheryl@example.net;(906)449-6935;DE;Maryport;F;1987-01-13;2024-12-06
485;Crystal;Harper;ophillips@example.org;001-446-975-3612x75156;FR;Burkebury;O;1946-10-11;2024-06-26
486;Jason;Rosales;xbrown@example.com;756-267-6640x473;DE;Sethbury;M;1981-01-07;2024-04-13
487;Jamie;Garrett;david80@example.net;5617558108;DE;East Mary;O;1969-11-14;2025-05-21
488;Kelly;Martin;martin38@example.net;200.408.1867;DE;Kevinbury;O;1984-09-27;2025-04-29
489;Arthur;Brady;irios@example.net;811-518-6008x921;AU;Kristenchester;M;1977-03-25;2023-12-31
490;Joshua;Harris;tanya97@example.com;261-936-8474x8836;AU;Beanside;O;1989-12-20;2024-11-08
491;Becky;Johnson;sergiowoods@example.org;+1-445-821-1823x7931;AU;Millsshire;F;1992-11-12;2024-01-26
492;Trevor;Jenkins;mary05@example.net;001-996-704-3878;FR;West Steven;O;1975-05-19;2025-01-22
493;Jodi;Quinn;simmonschris@example.org;001-902-481-2371x06728;IN;Rossport;F;1952-05-11;2025-12-10
494;Jennifer;Beard;alexandra95@example.net;+1-522-748-3958x9477;FR;East Alice;M;1997-03-15;2023-12-21
495;Robert;Hernandez;holderadam@example.net;931.487.5109;CA;West Danabury;O;1966-09-07;2023-12-24
496;James;Mitchell;tsilva@example.com;+1-464-688-3192x134;IN;East Laurashire;M;1985-07-29;2024-09-18
497;Barbara;Castaneda;tammy97@example.org;(903)231-9222;IN;Christianton;M;1953-07-31;2025-07-26
498;Ronald;Ruiz;vincent13@example.net;(666)475-4858x1932;FR;Castrofort;O;1988-09-28;2024-06-14
499;David;Yoder;gregory57@example.net;(763)598-3652x037;AU;New Lanceville;O;2002-05-07;2025-10-13
500;Wesley;Smith;arthur47@example.com;9444090797;IN;Bradyside;F;1995-10-26;2024-01-10
501;Anthony;Shannon;janicethompson@example.org;661-507-0518;BR;West Marymouth;F;2001-07-04;2024-04-15
502;Valerie;Bowen;zachary66@example.net;+1-801-438-2412x70493;US;West Joshuastad;M;1952-05-14;2024-11-18
503;Mary;Miller;fdavis@example.org;001-612-559-0203x5713;FR;West Brian;M;1989-06-04;2024-04-22
504;Donald;Stewart;marynelson@example.org;(744)774-1759;AU;Gallegosburgh;M;1947-04-08;2025-08-15
505;Paul;Medina;victoriahamilton@example.net;+1-243-358-8418x34374;AU;South Donald;M;1981-12-02;2024-09-11
506;Nicholas;Chapman;morrisdaniel@example.com;6264755125;BR;Paynetown;F;1972-08-10;2025-03-08
507;Brittney;Neal;pwells@example.com;001-659-857-6403x8166;BR;East Williamport;M;2000-10-21;2025-11-18
508;Sherri;Gonzalez;davidcook@example.org;442-557-6270;AU;West Kyle;F;1956-07-31;2025-09-01
509;Samuel;Ramsey;gailsingleton@example.com;9728517863;FR;Mccarthyville;O;1969-05-15;2024-08-02
510;Savannah;Ross;rachael69@example.com;+1-515-779-0392;IN;Matthewtown;O;1983-06-02;2025-06-15
511;Robin;Brewer;vincentwilliams@example.com;(415)462-6244x67046;UK;Flemingville;F;1974-03-29;2024-02-12
512;Gina;Garcia;alara@example.org;329-986-7076x60464;IN;Kimberlymouth;F;1998-02-18;2025-11-23
513;Daniel;White;yschmidt@example.net;920-859-4389;AU;South Juanville;O;1999-08-18;2024-11-14
514;Brendan;Greene;johnny54@example.org;+1-642-245-6075;US;West Jessicaside;O;1991-06-28;2024-06-12
515;Christopher;Davis;cynthiajordan@example.com;(479)338-9701x550;UK;Huntland;M;1966-03-26;2025-03-23
516;Kevin;Morales;stephaniescott@example.net;001-716-913-9449x8830;DE;Port Selena;M;1962-04-06;2025-04-30
517;Jacob;Mason;jacobsrenee@example.net;340-563-0624x4795;UK;North Jenna;F;1958-11-17;2025-03-04
518;Jessica;Lynch;omatthews@example.net;586-478-0555x57277;UK;Scottton;O;1986-07-29;2025-02-03
519;Christian;Tucker;christopher85@example.com;857-270-2992x9596;UK;Angelafort;F;2007-04-20;2024-09-13
520;Amanda;Gray;davisjeffery@example.org;001-842-626-8653;BR;Kayleeville;O;1986-10-19;2025-04-29
521;Cynthia;Fields;zperez@example.com;001-874-872-2640x85721;DE;Jenkinstown;M;1983-12-10;2024-03-24
522;Christine;Duarte;udougherty@example.net;529.471.5096;US;Woodbury;F;1955-12-28;2025-10-29
523;Sandra;Morris;calvin03@example.net;473.597.3278x195;US;Bowenland;F;1945-05-21;2024-01-06
524;Erica;Camacho;eatkins@example.com;781-898-0770x460;FR;Pattersonville;F;1951-06-25;2025-08-24
525;Katherine;Riley;bowenmichael@example.net;623-973-4151x77345;IN;Kristinview;M;1980-09-30;2025-02-20
526;Kathleen;Hernandez;anthony59@example.com;001-644-829-4774x222;CA;Danatown;O;1998-07-23;2025-02-12
527;Eddie;Smith;jennifer86@example.com;+1-925-429-8585x672;IN;Princetown;O;1987-01-30;2024-01-30
528;Jeffrey;Clark;joshuastrickland@example.org;+1-335-777-9083x3506;BR;West Angelaside;M;1998-04-15;2025-01-10
529;Christopher;Yates;pknight@example.org;523-337-2094x841;BR;New Kevin;M;1958-01-14;2024-06-09
530;Kathleen;Woods;herrerakimberly@example.com;+1-913-671-7173x1893;IN;New Russellville;O;1990-04-23;2024-11-01
531;Dawn;Chapman;qgay@example.com;+1-547-725-8784x448;CA;Ericahaven;F;1964-05-28;2024-10-30
532;Tiffany;Bautista;gsmith@example.com;522.516.4175x8231;BR;Warrenmouth;M;1993-03-27;2024-11-22
533;Gail;Pennington;ashleymoore@example.org;862.629.2587;AU;West Thomas;O;1998-11-23;2024-07-22
534;Dustin;Cook;maria57@example.com;(596)660-6065x27403;DE;Marissatown;F;1965-03-24;2025-07-14
535;Mark;Castro;laurenwilliamson@example.com;511-632-5797x067;DE;Brownton;O;1985-03-31;2024-07-02
536;Mike;Mclean;ruiznicole@example.org;662-629-4938x17359;US;East Kelseyland;F;1999-10-22;2025-05-08
537;Jocelyn;Krueger;rebecca73@example.org;873-875-5344x90216;DE;Yateshaven;O;1948-10-01;2025-12-06
538;Nathaniel;Knight;moyermorgan@example.com;+1-374-495-1191;BR;New Sandraborough;M;1992-04-27;2025-06-26
539;Ryan;Hill;vpreston@example.org;+1-251-829-5786x0694;AU;North Jeffreychester;F;1954-06-07;2025-08-30
540;Breanna;Saunders;mvaldez@example.net;(292)432-3421x089;DE;Stephaniemouth;O;1999-10-18;2025-10-22
541;Dominique;Harris;rogernelson@example.org;001-850-527-1607x36077;IN;Port Oscar;O;1996-04-06;2024-02-19
542;Gregory;Gentry;martinjason@example.com;001-395-956-3318x5748;DE;North Normanchester;F;1970-03-04;2025-08-31
543;Michael;Bautista;hamiltonmelanie@example.com;516.470.4502;DE;East Aprilberg;M;1988-09-27;2025-06-23
544;Bruce;Lang;nathan62@example.com;(928)522-5120;IN;Richardstad;F;2002-03-20;2024-06-24
545;Manuel;Logan;anthony70@example.net;(360)286-9822;UK;Phyllisland;M;1971-05-28;2024-01-31
546;Tanya;Marshall;ichase@example.com;(790)347-7425;IN;Vasquezshire;O;1957-04-26;2024-05-22
547;David;Dunlap;donnapaul@example.net;(649)413-3424x5798;FR;Robertberg;O;1981-06-14;2025-10-27
548;Austin;Bullock;ywelch@example.org;(902)903-2650;DE;Jacobshire;O;1970-07-05;2025-12-08
549;Shawn;Baker;rwilson@example.net;001-385-752-4578x71584;DE;Mayside;M;1952-11-26;2024-05-28
550;Stephen;Rodriguez;david54@example.com;(481)282-6832x30358;IN;Amberhaven;F;1955-06-16;2024-04-08
551;Erin;Reid;meganpotter@example.org;+1-896-934-0646;US;Morrisport;O;1944-12-22;2024-06-14
552;Angela;Collins;brownrobert@example.org;623.462.6693x3513;US;Martinezshire;O;2004-06-11;2024-04-02
553;Scott;Chambers;alex18@example.com;619.273.7418x97215;AU;Masseyview;F;1952-01-23;2024-11-19
554;Brenda;Walter;oblake@example.net;219-395-3766;CA;Meganview;O;2001-12-12;2025-03-26
555;Mark;Estrada;tonya10@example.org;001-873-897-3964x178;FR;New Danielville;M;1981-03-20;2024-03-08
556;Kathryn;Ward;tochoa@example.net;2575798066;CA;North Crystal;O;1965-09-04;2024-07-14
557;Robert;Johnson;qatkinson@example.com;+1-755-834-7057x42388;DE;Kimberlyburgh;O;1998-03-03;2025-08-31
558;Matthew;Jensen;leslietorres@example.net;965-797-2634;BR;Lindastad;O;1992-07-02;2025-11-14
559;Marcus;Rodriguez;regina84@example.net;+1-826-691-3119;UK;Lake Matthew;O;1967-03-29;2024-03-20
560;Paul;Kirk;christina15@example.org;903.582.4073x333;US;North Kenneth;F;2005-09-20;2025-08-31
561;Timothy;Gonzales;robertabbott@example.net;(396)445-4655x3585;AU;Michellebury;M;1995-01-26;2025-02-09
562;Colin;Lowery;gnichols@example.net;958.937.4907;FR;Brownburgh;O;1946-05-06;2024-11-05
563;Debra;Huang;jdillon@example.org;+1-651-649-4097x62637;BR;Jessehaven;M;2004-07-25;2024-03-28
564;Amber;Maldonado;michelle90@example.net;001-459-211-9186x23392;DE;Chandlermouth;F;1950-07-26;2025-11-04
565;Audrey;Rush;yballard@example.net;625.821.4526x4712;IN;East Michael;M;1985-09-22;2024-02-11
566;Shannon;Davis;andrew90@example.net;8516208005;CA;Port Rebeccashire;M;1968-07-25;2024-02-02
567;Gerald;Fields;nwhite@example.com;429-959-2728;FR;New Benjaminside;O;2000-11-28;2025-07-16
568;David;Villa;daniel29@example.net;(817)939-2957;DE;Lake Angelamouth;M;1960-06-18;2024-03-26
569;Susan;Henry;dwilliams@example.com;+1-691-781-5899x88683;DE;South Kathryn;F;1963-05-29;2025-03-15
570;Richard;Bennett;gjohnson@example.com;+1-279-564-7408;DE;West Patriciashire;O;1979-02-23;2025-03-26
571;Jocelyn;Ferguson;rasmussenpaul@example.com;+1-506-388-2850;FR;Dodsonbury;M;1989-10-31;2024-02-05
572;James;Clark;williamspatrick@example.net;840-235-2635;AU;East Carol;M;1984-02-14;2024-06-19
573;Sandra;Becker;jamie46@example.net;2668643749;BR;Lake Katieberg;M;1986-09-19;2024-05-24
574;Dana;Wilson;ijones@example.com;(346)348-4494;IN;Carsonborough;O;2004-10-24;2025-01-22
575;Tyler;Martinez;harrisondaniel@example.org;9624113695;FR;Harperton;M;1986-09-17;2024-12-16
576;Terri;Mack;bradley02@example.com;525-473-0662x481;IN;West Diane;M;1972-08-07;2025-09-10
577;Chad;Sanchez;angela28@example.com;7117688092;DE;East Rachelbury;O;1945-04-28;2023-12-16
578;Brian;Hughes;vincentkathleen@example.org;001-881-907-9649;UK;Lake Tracy;F;1960-09-14;2025-11-29
579;Dana;Mendoza;shawnsuarez@example.org;(642)464-2506;FR;South Robertside;O;1998-08-10;2025-12-04
580;David;Sims;sherifisher@example.com;577.567.5556x283;DE;New James;O;1999-12-27;2025-04-08
581;Christine;Mccullough;tbrooks@example.org;(427)818-7496x0335;IN;Whitemouth;O;1946-06-15;2024-05-12
582;Ashley;Jackson;danielleandrews@example.org;(265)373-2759;FR;North Andrewton;M;1965-11-02;2024-02-17
583;Sarah;Kelly;susanparker@example.org;(495)497-7524x418;CA;South David;F;2002-04-18;2024-10-08
584;Anna;Fuller;hannah31@example.net;(471)202-6767;US;Sarahshire;O;1980-12-24;2024-11-05
585;Andrew;Vasquez;nicole15@example.org;(629)346-2135;FR;Carriefort;O;1945-12-16;2025-09-25
586;Robert;Jackson;james48@example.org;352.703.4476x5047;CA;East Monicatown;O;1991-03-27;2023-12-28
587;Oscar;Conway;sprice@example.net;565-958-6652x548;UK;Josephmouth;O;2002-11-01;2024-02-13
588;Elizabeth;Flores;johnsondavid@example.org;312.251.2931;AU;Lake Lindsayland;O;1954-10-18;2025-03-15
589;Monica;Murray;kristi19@example.org;5235121106;DE;Lake Christophermouth;O;1984-05-09;2024-05-02
590;Lisa;Erickson;ljacobs@example.com;590-372-8012x3428;IN;East Jacobmouth;M;1992-08-06;2024-05-28
591;Ralph;Huff;carolyn84@example.org;(245)838-0442x10175;BR;Lake Kathymouth;M;1945-09-16;2025-06-10
592;Christopher;Chapman;helen91@example.net;557-457-5747x583;US;Lake Michaelmouth;F;2000-05-22;2024-08-07
593;Laura;Landry;dford@example.com;(826)760-2562;AU;South Laceyburgh;M;1954-06-20;2025-11-04
594;Jay;Smith;vhernandez@example.org;9769248433;UK;Grahamburgh;M;1975-08-27;2025-04-13
595;Michael;Rodriguez;janice94@example.org;787.636.7042;BR;Carrberg;F;1978-04-26;2024-08-19
596;Nathaniel;Barker;mikewaller@example.org;9756633535;AU;Barbaramouth;F;1988-12-11;2025-10-03
597;Tammy;Harrington;jeanlynch@example.org;997.905.8162x9518;IN;Carlfurt;O;1993-12-05;2025-07-14
598;Joshua;Thomas;wellsjeffrey@example.org;359-678-2457x59833;BR;Lake Nicolehaven;F;1995-04-12;2024-07-07
599;Krystal;Henderson;evansjames@example.com;4069157276;UK;Danielview;F;1973-09-04;2024-05-06
600;Catherine;Mitchell;marcussmith@example.org;287-652-5680x65625;IN;Arielshire;F;1947-06-08;2024-12-22
601;Jennifer;Reeves;ebrown@example.org;(318)823-1555;US;Karenfort;O;1970-03-09;2024-01-28
602;Robert;Clarke;amydavis@example.org;221.243.3080x037;FR;Port Jesse;M;1954-07-27;2025-09-10
603;Vincent;Morris;wsmith@example.com;206.781.0390x3397;AU;New Nicolehaven;F;2001-07-24;2024-04-12
604;Jason;Herrera;joseph58@example.com;(339)645-3546;CA;Johnsonhaven;F;1993-06-18;2024-05-11
605;Daniel;Hughes;newtonmorgan@example.org;001-294-639-4570x39438;UK;East Mariamouth;O;1957-12-14;2025-11-05
606;Paul;Murphy;kguzman@example.com;689.243.1910x0900;FR;Seanshire;O;2005-07-04;2024-02-23
607;Micheal;Brewer;xharmon@example.org;260-940-1424x731;FR;North Daniel;M;1990-08-12;2024-11-10
608;Olivia;Neal;joseph97@example.org;001-223-216-6007x6762;IN;Port Nancyport;F;1990-03-29;2024-05-10
609;Joseph;Lambert;jimmywest@example.org;+1-909-968-7304x5195;CA;West Donna;M;1968-05-04;2025-01-19
610;Dustin;Moss;richard96@example.com;454.727.8656x194;AU;Debbiemouth;M;1992-06-07;2025-09-03
611;Frank;Williams;carolfernandez@example.net;(292)336-1618;CA;West Sarahburgh;O;1991-07-21;2025-04-27
612;Kristin;Burns;jessica58@example.com;963.495.6137x23081;US;Lake Stephaniebury;M;1992-07-25;2024-07-22
613;Jason;Little;andrewjohnson@example.org;821.214.7165;FR;Matthewstad;M;1958-01-31;2024-10-22
614;Brittany;Mendoza;sheltontiffany@example.com;850-247-6816x99570;BR;Blakeland;O;1974-11-13;2025-01-14
615;Christopher;Ramsey;gibsonkaitlyn@example.org;+1-470-254-8739x610;CA;Jonesburgh;M;1974-02-17;2025-05-06
616;Paul;Buckley;kingdavid@example.net;527.942.0495x6121;CA;Wrightfurt;O;1993-10-27;2025-07-25
617;Rebecca;Barton;turnerjeffrey@example.net;001-273-971-1222;CA;Richardsonchester;M;1946-03-31;2024-12-31
618;Heather;Reid;barnesarthur@example.com;+1-561-411-4576;FR;North Fernandoshire;M;1956-09-20;2024-05-05
619;Donna;Gardner;timothy29@example.com;280-733-2426;US;New Kristinville;F;1977-12-31;2024-06-25
620;Alyssa;Turner;luissanchez@example.com;337.477.3126;BR;Port William;M;1999-03-16;2024-02-01
621;William;Archer;johnmolina@example.net;(834)960-6056x035;DE;Lake Rebecca;M;1975-02-25;2025-11-07
622;William;Russell;johnboyd@example.com;001-616-990-6181x20546;UK;Kevinside;O;1983-01-31;2025-10-16
623;Melissa;Harrison;shughes@example.net;001-389-699-2751x758;US;Sarahport;M;1982-05-26;2024-05-28
624;Sara;Nguyen;ashleebailey@example.com;458.664.4963;US;Lake Gina;F;1989-11-05;2025-01-21
625;James;Ford;davidsharp@example.com;+1-933-795-2753x6749;CA;West Catherine;O;1960-11-10;2025-11-19
626;Lisa;Riggs;joneslisa@example.com;378.994.8963x4067;FR;Hughesville;M;1953-10-03;2024-03-12
627;Kathleen;Gamble;boonejoshua@example.net;+1-242-316-3090;BR;Tiffanyview;F;1962-11-09;2024-06-06
628;Jeffrey;Munoz;sarah53@example.org;2894532638;US;New Joyview;M;1995-12-14;2024-03-14
629;John;Russell;stephenmartin@example.org;841.903.4699;IN;East Craig;O;1950-02-12;2025-05-17
630;Scott;Stevenson;wjefferson@example.com;2849376855;UK;Masseyborough;O;1968-06-12;2025-05-11
631;Carolyn;Hale;zjackson@example.org;955.264.3436;UK;Lake Heidi;F;1973-06-11;2025-07-20
632;Paul;Reed;bsmith@example.net;461.564.5345x472;AU;Port Barry;F;1968-12-25;2024-01-18
633;Jeremy;Mann;christopherdominguez@example.org;818-647-2426x423;UK;New Carl;F;1999-11-16;2025-03-11
634;Ashley;Logan;keithharrison@example.com;(430)339-1114;CA;Transtad;O;1990-07-07;2024-04-03
635;Sarah;Sanchez;nguyengeorge@example.com;708.680.6220x72239;US;Sanchezburgh;O;1989-09-10;2025-05-18
636;Fernando;Obrien;jonesnicholas@example.org;878-676-8868x7859;DE;Jacksonfort;F;1952-11-26;2024-01-09
637;Charles;Vang;darrell66@example.com;650-857-3036x2792;US;East Allen;M;1959-04-04;2024-10-29
638;Tommy;Owens;nwatson@example.com;(760)932-1450;AU;Eatonchester;F;1949-11-15;2024-07-15
639;Lori;Arnold;villamisty@example.com;455-634-8201;IN;North Williamhaven;O;1968-05-04;2024-11-05
640;Matthew;Austin;christy45@example.org;791.977.6808x98126;UK;Douglasborough;F;1950-10-28;2024-09-19
641;Preston;Williams;alexander23@example.com;001-236-326-8943;AU;Port Benjamin;M;1990-10-07;2025-07-11
642;Jeffery;Herman;sandysnyder@example.org;+1-675-595-7498x85582;UK;Port Andrew;F;1975-05-28;2024-08-09
643;William;Porter;lwilliams@example.com;712-883-3372x188;BR;Barnesmouth;M;1963-10-17;2024-06-08
644;Cindy;Fry;hamptonsara@example.org;(866)526-7055x14377;BR;Jordanbury;F;1962-12-31;2025-03-04
645;Frederick;Moore;brittney11@example.org;202-986-7120;FR;North Dennis;F;2006-12-03;2024-09-07
646;Gina;Serrano;elizabeth10@example.org;351-609-1090x3267;DE;Christinahaven;F;1949-06-20;2025-03-05
647;Dillon;Ford;eric81@example.com;+1-634-806-5277x584;IN;Romanbury;M;1994-12-27;2025-08-24
648;Elizabeth;Clark;jhernandez@example.org;309-612-1722;UK;Gwendolynshire;O;1960-01-10;2024-11-30
649;Robert;Spears;sharon37@example.net;6528635100;CA;Port Tyler;F;1986-06-05;2024-09-29
650;Jenna;Morris;lisamcgee@example.net;(559)920-2461x75202;AU;Rebeccaburgh;M;1971-04-12;2025-06-29
651;Crystal;Dawson;matthew17@example.net;532.858.4868;IN;South Tamarashire;F;1979-06-03;2025-01-10
652;Katelyn;Williams;andrew91@example.com;(679)893-5937x44039;AU;Adambury;F;1947-07-04;2025-11-08
653;Shannon;Sanders;ewilliams@example.com;+1-586-608-4907;IN;Port Jimmyfurt;O;1980-04-11;2024-08-10
654;Amy;Gonzalez;pmiller@example.org;701.324.2446x2632;UK;Kyleside;F;1988-07-08;2025-03-25
655;Charles;Moore;farrellaaron@example.org;942-317-5188;IN;Contrerasview;F;1994-06-09;2024-08-30
656;Christopher;Thompson;amywright@example.org;+1-211-722-5288x375;DE;Sparkschester;F;1951-06-24;2024-12-22
657;Lisa;Lewis;christinewebb@example.net;001-513-278-7655x3007;BR;Andrestad;O;1985-10-26;2024-10-12
658;Mary;Montes;gmiller@example.net;581.692.7788x51905;AU;Carterville;M;1948-05-30;2024-07-20
659;Tamara;Taylor;lisa24@example.com;(318)451-7446x00452;UK;West Danielview;M;1993-05-02;2024-08-02
660;David;Ray;halljoshua@example.net;001-381-789-8484x16046;UK;Joyceberg;F;1949-04-13;2025-11-06
661;Brianna;Rodriguez;zwilliams@example.com;(381)242-9831x5229;UK;Robinsonberg;O;1955-08-16;2025-11-12
662;Michelle;Hicks;hsmith@example.com;001-837-583-0639;FR;Maxfurt;M;2006-04-18;2024-10-09
663;Beth;Adams;mannjonathan@example.net;401.269.3429x2913;US;East Julie;O;1991-01-08;2025-04-27
664;Dean;Robinson;andrewsdenise@example.net;306-715-3722;FR;Tiffanyfurt;O;1986-07-02;2025-04-24
665;Scott;Harris;jamiegomez@example.net;+1-937-674-6040x67200;UK;South Daniel;F;1963-01-17;2024-07-08
666;Gregory;Hammond;hfloyd@example.org;001-875-643-7347;FR;South Jeffrey;O;2001-12-14;2023-12-26
667;Jimmy;Tucker;valeriearnold@example.net;(614)858-4148;IN;North Ashleyville;O;1960-02-24;2024-07-07
668;Lisa;Todd;courtneymadden@example.org;(505)486-9507;US;Lake Kirkchester;F;1960-10-10;2025-07-24
669;Brenda;Fuller;cody79@example.org;950.555.7385;DE;Bernardtown;F;1988-05-27;2024-02-27
670;Paula;Hall;harrisrobert@example.net;318-272-3335;UK;Alexandershire;O;1970-09-23;2025-12-07
671;Dawn;Wu;claytonmclean@example.net;414-298-3074;CA;Montoyaborough;M;1995-01-30;2025-09-22
672;Craig;Gordon;sandyramirez@example.com;001-455-478-2019x043;AU;Lake Brandon;M;1956-04-02;2025-08-09
673;James;Phillips;stanleyjeremiah@example.org;9138546212;UK;East Nicholasside;F;1955-12-25;2025-08-21
674;Robert;Miller;jasonhernandez@example.org;(532)948-8899x57298;FR;Jacksonmouth;M;1962-07-16;2024-06-21
675;Jason;Quinn;gonzalezkenneth@example.net;419.212.0381x876;DE;New Nancy;O;1995-04-14;2024-06-06
676;Brent;Garrison;allenandrea@example.com;581.344.5822x06732;CA;New Scott;F;1971-07-19;2025-03-21
677;Christopher;Wolf;rmartin@example.com;3003000152;US;South Stephanie;O;1951-02-21;2025-07-08
678;Amber;Watson;ballvanessa@example.com;(918)644-4218x2998;DE;Boydland;M;1954-06-09;2025-08-07
679;Keith;Howell;edwardstaylor@example.net;(670)409-0043x65515;BR;Grayville;F;1959-10-22;2024-04-01
680;Joseph;Perez;mike05@example.com;(596)508-0706;DE;Guzmanside;F;1973-12-07;2024-08-29
681;Yolanda;Barton;davidbrown@example.org;664-481-8804;FR;Jimenezbury;M;1977-06-09;2024-09-15
682;Kathryn;Rice;rossjohn@example.net;826-694-2894;BR;North John;M;1971-05-26;2025-05-21
683;Micheal;Hardy;tlewis@example.com;670-264-6255;IN;South Kristina;M;1990-05-20;2024-09-08
684;Amy;Lopez;susanpruitt@example.org;+1-317-764-6448x98803;BR;New Heidi;O;1977-08-19;2025-08-12
685;Joshua;Swanson;stevendecker@example.org;+1-750-340-4333x35384;US;Chandlerberg;M;1995-09-22;2024-02-17
686;Jennifer;Gibson;ygriffith@example.org;+1-509-433-9137;CA;Schneiderbury;F;1947-06-04;2024-10-06
687;Austin;Jones;hullcheryl@example.net;256.217.8688x0023;IN;West Kimberlyville;F;1979-08-02;2025-08-17
688;Alexandria;Smith;ocook@example.net;444.291.6093x6595;FR;West Cassandraville;M;1999-10-25;2025-03-25
689;Bailey;Rodriguez;jeremiah68@example.com;509-926-3223x99821;FR;Matthewchester;F;1949-10-14;2024-06-17
690;Benjamin;Reese;david86@example.net;2503537666;FR;Lake Davidtown;O;2004-02-05;2025-11-02
691;Nancy;Brown;michaelsanders@example.net;406-527-1531;UK;Priscillastad;M;1948-03-25;2024-10-23
692;Andrea;Graham;washingtonmelanie@example.com;001-982-593-8440x13480;BR;Kennethfort;M;1999-04-23;2025-10-11
693;Jill;Rice;owilliams@example.net;(391)601-5709x085;US;Audreytown;O;1989-12-22;2024-11-09
694;Jonathan;Aguirre;tavila@example.net;+1-669-496-4899x718;UK;Bethshire;F;1960-08-03;2024-08-11
695;Dakota;Smith;ashley32@example.org;223-842-6698;AU;New Thomasfurt;O;1985-04-14;2024-11-12
696;Robert;Snow;nthompson@example.com;+1-438-293-5953;IN;Mariastad;F;2005-06-07;2025-09-22
697;David;Thomas;jpeterson@example.org;(895)382-6418x6965;AU;North Anna;F;1995-11-26;2024-02-23
698;Maria;Khan;lindsayedwards@example.com;001-214-434-6823x94840;DE;Goodwintown;M;1945-05-12;2025-08-27
699;Ryan;Myers;dbrown@example.org;001-268-631-1395x00168;UK;West Crystalland;F;1998-12-29;2024-08-04
700;Shawn;Ayala;monicaavery@example.net;(420)253-4407x77946;IN;Mcclurefurt;M;1993-01-06;2024-10-09
701;David;Taylor;peterschristopher@example.com;001-676-302-9914x0688;DE;East James;O;1959-07-29;2025-10-29
702;Stephanie;Edwards;jamesmoon@example.com;378-417-0321;AU;South Danielchester;O;1959-12-11;2024-12-23
703;Elizabeth;Anderson;wpayne@example.com;233-471-8444;DE;Brandonfurt;M;1963-06-23;2024-01-14
704;Lisa;Reynolds;wanda37@example.org;+1-241-467-8127x78221;CA;South Patriciashire;F;1978-09-25;2024-04-25
705;Courtney;Green;ijackson@example.com;001-779-873-6383x1828;US;West Jeremymouth;M;2005-06-01;2023-12-30
706;Kristen;Chapman;hpowell@example.com;406.373.6820x5068;CA;East Jeffrey;F;1966-12-16;2025-04-19
707;Christopher;Long;alexis58@example.com;446-792-1821;CA;Novakton;M;1980-01-28;2025-01-07
708;Evelyn;Young;krista02@example.org;6504938694;DE;Nicolemouth;F;1998-04-04;2025-03-03
709;Angela;Jones;campbellshannon@example.net;470.271.5238x67673;FR;Hillland;M;2005-08-26;2024-01-29
710;Courtney;Mcpherson;fbishop@example.com;+1-729-596-8722;US;Gambleton;F;1994-10-03;2025-01-05
711;Erin;Smith;faithsparks@example.com;2402566957;IN;East Joshuaside;M;1956-01-13;2025-06-11
712;Melissa;Adams;sarahlong@example.net;(532)559-4232x8946;BR;West Richardview;F;1949-12-19;2025-04-24
713;Mark;Patel;jennifer72@example.com;(529)326-9335x8951;CA;Woodtown;O;2004-11-25;2024-12-05
714;Jose;Hughes;alexis57@example.net;943-403-4918x9117;FR;East Adriennemouth;M;1981-08-13;2024-06-27
715;Benjamin;Roberson;ralphdavis@example.com;915.353.1325x936;IN;Port Ronald;O;1998-08-07;2024-01-16
716;Susan;Baker;heidischneider@example.org;210-452-7698x1987;US;Smithstad;F;1953-02-16;2025-08-22
717;Alison;Gates;richard25@example.net;001-466-905-9867x87442;US;Williamview;F;1979-01-21;2024-08-18
718;Brianna;Oconnell;kristin94@example.org;624.791.1650x20002;UK;New Deborah;F;1959-07-29;2025-11-13
719;David;Wiley;lloydmiranda@example.org;405.357.0836;IN;Kevinhaven;O;1978-01-05;2024-09-19
720;Brenda;Carney;sthomas@example.org;(377)546-2025x82543;IN;Lake Amy;O;1996-05-19;2025-06-04
721;James;Brown;catherinejohns@example.net;5498106018;IN;Tracyborough;F;1990-02-26;2024-11-16
722;Andrew;Martin;tpowell@example.org;+1-872-425-7754x58472;UK;West Douglasland;F;1977-02-20;2025-07-02
723;Elizabeth;Chavez;jessicalong@example.net;(971)572-1733;US;Port Sara;F;1965-06-24;2024-04-18
724;Barbara;Bradley;joycekeith@example.org;001-765-591-4388x2325;BR;West Angela;O;1964-05-11;2024-10-14
725;Tracy;Newman;zrobinson@example.com;930-295-4497x9127;AU;New Grant;O;1949-05-09;2024-01-23
726;John;Santana;fwolf@example.net;437-452-9883;FR;Port Emmaville;M;1953-06-09;2024-09-05
727;Jessica;Barber;kelleyglen@example.org;787-797-8889x753;IN;East Dana;M;1969-10-17;2024-01-27
728;Mary;Christensen;harrisjoshua@example.com;761.499.5171;CA;Port Jessica;F;2001-07-23;2025-09-08
729;Andrew;Hernandez;kimberlyblair@example.net;001-250-814-3748x3093;IN;Millershire;O;1976-06-10;2025-03-02
730;Darius;Sanders;jessicawilson@example.org;376-372-0191;UK;Powellberg;F;2002-06-27;2024-01-13
731;Christina;Johnson;jenniferstanley@example.net;001-273-439-3049x36653;DE;Curtisport;O;1993-11-17;2024-02-27
732;Kathy;Campbell;davisandrew@example.net;+1-268-525-0952x29462;FR;Virginiastad;M;1990-05-30;2025-08-18
733;Cameron;Harmon;trujillojason@example.net;001-995-329-7013;FR;West James;M;2003-11-13;2025-01-18
734;Amber;Hughes;jasonjohnson@example.org;001-920-627-0615x9273;UK;East Carolton;O;1972-11-13;2025-05-24
735;Christopher;Simmons;gutierrezdavid@example.com;715.854.2034x03010;UK;Elliottmouth;O;1968-03-03;2025-09-26
736;Kyle;Brown;xlawrence@example.com;(246)323-4712x476;CA;New Brianville;F;1995-03-06;2024-12-23
737;Benjamin;Johnson;gspencer@example.com;(941)372-6808x0815;FR;New Anthony;O;1990-04-19;2025-11-25
738;Janet;Ford;williamortiz@example.org;607.935.1045;BR;Jamesfurt;M;1955-12-23;2025-05-11
739;Angel;Cunningham;michaelvillarreal@example.net;(776)569-4703x180;UK;New Richard;M;1996-10-09;2025-10-16
740;Scott;King;bpreston@example.org;259-218-3270;DE;Richardchester;M;1951-04-06;2025-11-18
741;Courtney;Johnson;popebrent@example.net;671.240.0493x8819;BR;Johnland;O;1964-11-25;2024-04-17
742;Jonathan;Lynch;mortonkenneth@example.net;869.687.3137x9716;BR;South Rebeccaville;O;1954-04-21;2024-12-02
743;Stephanie;Washington;john25@example.com;(938)299-4991;UK;Lake Lynnview;M;1955-05-10;2024-10-23
744;Vanessa;Keller;lewisbrent@example.com;+1-321-316-0204;AU;West Gabrielle;F;1992-04-04;2025-02-03
745;Caitlin;Dyer;hlester@example.org;608.489.4801x864;AU;Port David;O;2004-08-06;2025-09-19
746;Alejandra;Mclaughlin;ashleyalexander@example.net;(770)982-0048x067;FR;Port Meganborough;O;1968-11-27;2024-02-14
747;Caitlin;Davis;villawilliam@example.com;+1-694-229-6882x76970;FR;Jeromeville;M;1961-03-31;2025-07-13
748;Kristy;Henderson;ronald78@example.net;727.348.8356;AU;Carpenterfurt;M;1956-05-26;2025-03-25
749;Nicole;Howe;mary66@example.net;449.360.4784;AU;Smithside;F;1966-03-31;2024-09-21
750;Ernest;Mahoney;margaretrussell@example.net;+1-520-289-3486;DE;Taylorview;F;1969-11-06;2024-04-02
751;Vanessa;Rose;colemancindy@example.org;441-531-9359;US;Rodriguezborough;F;1974-11-19;2024-10-06
752;Aaron;Lopez;bradleyscott@example.net;316.850.2544x72419;UK;Debraborough;F;1988-11-11;2024-07-01
753;Kristin;Butler;harrisonjoy@example.net;282-849-8980;AU;Whitakerberg;F;1951-01-21;2024-02-10
754;Joseph;Black;cobbmary@example.net;(566)848-6989;US;Collinshaven;M;1968-12-18;2024-07-29
755;Patricia;Davis;brianna50@example.org;892-292-0753;FR;Danielfort;F;1949-11-26;2025-04-26
756;Bryan;Wall;uclark@example.org;(221)689-4559x06700;UK;West Alyssa;O;1981-07-07;2024-04-22
757;Kelly;Bennett;rfleming@example.net;+1-696-467-6056;UK;Port Krystalport;O;1964-10-12;2025-09-06
758;Tracy;Ramos;duncankimberly@example.com;001-453-438-9062x35466;IN;Rogersport;F;1948-05-13;2024-09-28
759;Matthew;Franklin;sarasmith@example.net;(422)712-2427x67746;US;South Anthonyland;F;1956-02-04;2025-05-15
760;Cory;Watson;amanda86@example.org;9804179867;CA;Port Christian;F;1981-05-10;2025-09-19
761;Michael;Galvan;galvanjoshua@example.org;001-664-526-1212x038;AU;Petersonchester;O;1966-09-24;2025-02-16
762;Paul;Goodwin;murraymichael@example.net;(554)782-4218;BR;Michaelview;M;1947-12-03;2025-04-21
763;Ruben;Torres;justin75@example.net;(931)312-3274;AU;Gonzalesfurt;M;1993-02-03;2024-06-08
764;Kelly;May;tracyjohnson@example.net;+1-362-817-5080;FR;Port Bobby;O;1965-09-04;2025-03-22
765;Arthur;Lynch;markgardner@example.org;993-953-4001x816;UK;Willieland;O;1998-01-12;2024-08-22
766;Gerald;King;jose60@example.net;385.217.9937;BR;Johnville;M;1954-03-21;2024-11-11
767;Wayne;Guerrero;klara@example.net;(698)982-9045x79271;CA;West Nicholas;O;1947-04-01;2024-02-17
768;Jessica;George;lpage@example.com;(538)339-7283;AU;North Tricia;F;1986-07-02;2024-12-13
769;Philip;Montoya;tonyaholmes@example.net;2984322101;BR;East Pamela;F;1945-12-23;2025-05-02
770;Paul;Hamilton;williamsanthony@example.net;+1-387-661-0814x356;FR;Lake Joeside;F;1963-03-08;2024-08-03
771;John;Harding;hartmanjoshua@example.net;+1-923-854-6951x0030;IN;North Mitchell;F;1996-05-01;2025-11-02
772;Stephanie;Chapman;vflowers@example.org;001-606-366-6411x065;FR;Lake Marybury;O;2007-02-12;2023-12-15
773;Sergio;Nguyen;lmendez@example.com;001-697-408-9058x36683;US;Fergusonshire;O;1980-07-09;2024-10-05
774;Paul;Stevens;riceamber@example.net;+1-789-217-8791;FR;Leahchester;M;1956-04-30;2024-11-09
775;Chris;Gibson;mjohnson@example.org;(401)826-5789;FR;West Tiffanyside;M;1998-10-20;2025-06-22
776;Tina;Duncan;shelleybowers@example.com;485-317-7741x27469;IN;New Emilyside;F;1954-01-24;2024-02-19
777;Jennifer;Powell;ryanthompson@example.org;+1-375-789-1704x542;DE;Nathanton;O;1965-01-17;2025-07-05
778;David;Kirk;davidkane@example.com;6902016356;BR;Jacksonberg;F;1962-06-30;2025-09-05
779;Victoria;Gordon;paige40@example.org;378-482-2473;UK;Jonesside;O;2003-03-05;2025-07-17
780;Nathan;Olson;hartmansherry@example.net;001-701-419-5092x711;BR;Millerton;F;1991-10-25;2024-05-28
781;Lisa;Bauer;hooverderek@example.org;6713695007;DE;Annamouth;O;1988-12-29;2024-05-27
782;Debbie;Salinas;jgutierrez@example.net;865.329.4471;IN;South James;M;1964-07-14;2025-01-10
783;Jason;Townsend;johnsonmartin@example.org;(689)563-2174x357;UK;Monicaberg;F;1971-06-15;2024-01-27
784;Michelle;Werner;bwilliams@example.com;698.434.4883;IN;Laurenfurt;O;2002-12-25;2025-07-19
785;Crystal;Horn;iherman@example.org;750-877-4065x79551;FR;East Anne;M;1990-11-21;2023-12-21
786;Austin;Giles;daniel74@example.net;8913311178;UK;East Markport;O;1989-04-24;2024-11-03
787;Paul;Mcdaniel;garyjohnson@example.net;+1-753-754-1201x227;IN;North Ericchester;O;1992-10-20;2025-05-08
788;Brent;Flores;jason25@example.net;+1-494-979-5074x07173;FR;West Jeanetteshire;M;1987-06-02;2025-03-28
789;Robin;Estrada;williamstoni@example.com;+1-893-240-3910x45203;FR;Calebside;F;1963-11-05;2025-03-06
790;Clayton;Walker;nicole92@example.net;(253)859-5205x610;BR;Hudsonshire;M;1945-10-10;2023-12-28
791;Ashley;Hahn;jonespaul@example.com;740.537.8423x3944;FR;North Philipmouth;F;1968-09-13;2025-08-24
792;Eric;Murphy;ethanbailey@example.org;673-365-4262;CA;Medinaburgh;M;1981-08-16;2025-03-16
793;Doris;Armstrong;jefferywalker@example.com;510-209-0605;BR;Dixonbury;M;1945-10-30;2025-09-21
794;Darryl;Cruz;irobinson@example.net;7454759887;UK;East Brittneyshire;F;1993-07-12;2024-07-28
795;Randall;Hall;robertbrock@example.org;9279558214;UK;Lake Caitlintown;O;2002-02-10;2024-03-06
796;Laurie;Wilkinson;jenniferpierce@example.org;362.919.2158;US;Lake Michaelville;O;1972-04-11;2025-06-30
797;Wesley;Lewis;martin81@example.net;001-259-277-2168;FR;Sallyfort;O;1978-08-27;2025-07-26
798;Cassandra;Robinson;jfranklin@example.net;001-472-484-5401;BR;Martinton;O;1956-02-22;2024-05-18
799;Kelly;Anderson;derekdougherty@example.org;714-547-4328x116;IN;Lake Davidtown;M;1952-12-27;2025-03-21
800;Tiffany;Hill;jefferyanderson@example.net;875.721.3530x281;BR;South Jonborough;M;1945-02-18;2025-12-02
801;Brian;Espinoza;sarahgonzales@example.com;(369)819-8321x029;BR;South Kennethton;O;1999-03-03;2024-04-08
802;Kaitlyn;Schmidt;raymondanthony@example.org;001-884-919-6622x9131;AU;New Brianfurt;M;1980-01-20;2024-09-08
803;Maureen;Skinner;wstevens@example.org;(636)621-9865x5049;IN;Dianamouth;F;2005-10-06;2024-09-25
804;James;Torres;jenniferbradley@example.com;8494627322;CA;Maciasville;F;1950-07-11;2025-11-21
805;Jonathan;Floyd;samantharodgers@example.net;+1-954-321-8808;DE;Hernandezbury;O;1990-08-02;2025-10-07
806;Jennifer;Barrett;mbaker@example.net;532-247-2505x83334;AU;North Christian;M;1997-07-09;2025-08-25
807;Allison;Sullivan;tina45@example.com;001-869-747-5769x45353;CA;Ritterview;F;1969-09-17;2025-10-24
808;Brooke;Shaw;jordanrebecca@example.org;725-645-0809;AU;Port Matthewfurt;M;1982-06-30;2024-08-06
809;Shelby;Johnston;cturner@example.org;330-674-2359;FR;South David;O;1996-03-17;2024-01-21
810;Elizabeth;Baker;johnmerritt@example.com;545-943-0796;AU;North Susan;F;1987-11-01;2023-12-27
811;Amanda;Parks;simpsonalyssa@example.com;(621)715-8718;DE;East Michael;F;2006-01-10;2024-07-05
812;Paula;Hamilton;rgreen@example.net;+1-970-917-3208x65237;IN;New Russell;M;1987-12-01;2024-10-06
813;James;Smith;rhonda05@example.org;481.405.5800x027;CA;West Jacobmouth;O;1986-09-10;2025-11-04
814;David;Johnson;jeremy91@example.org;001-468-817-2031x36955;BR;Lake Anthony;F;1985-07-30;2025-02-06
815;Crystal;Washington;mauriceball@example.net;(433)222-2739x389;US;Michaelfort;O;1988-06-30;2025-08-10
816;Kimberly;Walker;jeremiah36@example.com;985-207-6108;AU;South Catherine;F;1994-08-03;2024-03-11
817;William;Moore;patrickgarcia@example.com;426-315-8388;UK;Wadechester;O;2003-02-07;2025-06-23
818;Amanda;Scott;umendoza@example.com;001-642-423-3222x80194;UK;Annshire;F;1954-09-03;2025-08-01
819;Vicki;Welch;gregorymullen@example.com;5629953506;UK;North Melissa;M;1952-03-07;2024-01-23
820;Randy;Mcguire;dan30@example.com;+1-853-284-1852x01362;DE;Elizabethbury;F;1980-12-01;2025-05-23
821;Diane;Hughes;jessica70@example.com;749-812-1516x41195;BR;Andreland;F;1981-04-03;2024-09-13
822;Traci;Garza;wpayne@example.org;2703204262;UK;Davisland;M;1954-05-19;2024-02-05
823;James;Sanchez;nbullock@example.com;889.976.0987x312;AU;Hallburgh;F;1953-04-04;2025-04-03
824;Emily;Johnson;heather88@example.net;786.653.3943x1916;US;North Stephanie;F;1987-04-18;2025-07-10
825;Dana;White;thomaseric@example.net;950-657-6449;US;Smithton;F;1945-01-10;2024-10-16
826;Anna;Foster;amy67@example.com;697-797-4163x6560;FR;North Richardstad;M;1964-10-12;2024-05-23
827;James;Chapman;kproctor@example.com;+1-727-571-1952x963;IN;Lake Nathanmouth;M;1990-04-01;2024-04-23
828;Michael;Martin;stevencraig@example.com;731-659-4898x9596;FR;Sandovalbury;M;1963-10-05;2024-08-11
829;Jose;Santana;julie44@example.org;991-669-9939x3449;US;New Nicole;F;2000-03-16;2024-06-23
830;Alicia;Lowe;dustinwilliams@example.com;362.297.3988x94132;UK;Andersonburgh;O;1952-03-16;2024-11-27
831;Bradley;Murphy;james65@example.com;892.320.3004x4964;FR;Lake Cheryl;M;1980-08-23;2025-08-06
832;Donald;Mclaughlin;daniel13@example.net;256.858.9635x957;BR;New Chelsealand;M;1961-05-26;2024-09-02
833;Kenneth;Green;randy31@example.org;888.450.3423;DE;North Michaela;F;1957-03-25;2024-11-12
834;Isaac;Russell;smithjesse@example.com;001-696-886-8008x529;BR;East Olivialand;O;1985-09-09;2025-11-23
835;Samuel;Mitchell;cbaker@example.com;450.623.8502;AU;Myersburgh;F;1973-03-15;2024-08-16
836;Monica;Nielsen;jamesanderson@example.org;+1-230-520-2569x133;US;East Jameschester;M;1974-06-18;2024-02-01
837;Heather;Santiago;xlogan@example.org;762.579.9553x024;US;North Shellyburgh;F;2002-04-18;2025-06-03
838;Angela;Green;bjackson@example.org;420-428-4719x017;CA;West Brett;M;1968-06-20;2024-10-30
839;Natasha;Gutierrez;donna87@example.net;001-717-575-4619x92406;IN;Moorefort;M;1984-07-28;2024-08-18
840;Monica;Brown;leviwilliams@example.net;001-556-968-4482x373;DE;Port Jacobberg;M;1950-04-12;2025-11-28
841;David;Ellis;youngmichael@example.net;+1-269-501-7074;DE;West Dale;M;2006-03-01;2025-03-09
842;Heather;Thompson;jill17@example.org;(922)476-4338;US;North Michael;M;1963-03-05;2024-03-28
843;Nicholas;Bennett;gina49@example.net;(933)708-3344x4704;IN;West Stevenburgh;O;1945-08-08;2024-09-12
844;Felicia;Cannon;charles53@example.net;574.692.6632x956;AU;South Samantha;M;1974-10-28;2025-07-16
845;Ernest;Howard;andresmiller@example.com;(681)329-2059x229;UK;West Sandrachester;F;1958-09-16;2024-04-02
846;Louis;Todd;phall@example.com;+1-226-729-4206x61549;US;East Jamieville;O;1959-01-02;2025-01-10
847;Melissa;Williams;janetmoore@example.net;322-712-1548;CA;Port Ryan;O;1971-03-26;2024-12-13
848;Richard;English;gallagherdaniel@example.com;988-906-4420x062;BR;Sanchezmouth;F;1977-10-05;2025-07-03
849;Susan;Little;sonya64@example.net;496-823-4219;IN;East Charles;M;1956-06-25;2024-07-24
850;Caleb;Mitchell;amanda14@example.net;689.311.7972x6999;FR;New Holly;M;1951-12-09;2025-01-18
851;Brian;Golden;vortiz@example.net;001-520-300-5328x5386;IN;West Crystalmouth;M;1995-12-16;2024-06-28
852;Olivia;Nolan;mcconnellangela@example.org;(592)599-0076x86276;UK;Port Angela;O;2000-12-28;2025-09-18
853;Walter;Orozco;jasonwebb@example.net;385-518-6267;FR;Arnoldville;M;1945-01-01;2024-02-06
854;Eric;Wagner;jamesperez@example.net;(318)983-5279;US;Jeanettetown;F;1970-07-14;2025-09-28
855;Trevor;Davis;hendersoncrystal@example.com;001-420-988-1431;AU;Huberville;M;1973-12-21;2024-12-15
856;Daniel;Booker;iriley@example.net;884.757.2026;IN;Fergusonburgh;F;1983-06-26;2024-08-28
857;Maria;Taylor;nharris@example.net;001-292-955-3946;DE;Oliviashire;O;1999-03-27;2023-12-30
858;Joseph;Alvarez;thenderson@example.org;001-679-796-7080x89747;US;Richardland;F;2005-01-10;2024-05-03
859;Charlene;Gordon;daniel73@example.com;285.636.9881x649;UK;Leslieburgh;F;1986-09-17;2024-12-24
860;Ralph;Smith;davidclay@example.org;(262)270-6648;CA;West Amanda;O;1960-11-13;2024-12-28
861;Kayla;Smith;nancyballard@example.com;548.283.9974x1856;UK;South Kristina;O;2002-08-10;2024-01-17
862;Jason;Frazier;zwolf@example.org;001-695-530-5641;FR;Irwinport;M;1972-03-02;2025-02-02
863;Wayne;Castillo;valdezalyssa@example.org;(400)213-6510x34444;US;Webbmouth;F;2005-02-04;2025-01-25
864;Sarah;Cardenas;fred06@example.org;001-421-355-9967x25622;FR;West Joeport;O;1972-08-23;2024-01-04
865;Victor;Castillo;storres@example.net;959-339-6521x38350;BR;West Mason;O;1966-11-09;2024-02-26
866;Jacqueline;Atkins;smithjohn@example.org;+1-521-717-3277x26488;AU;Jennifermouth;O;1979-11-11;2024-04-16
867;Breanna;Torres;donald51@example.com;285-775-9171;AU;New Melissaton;O;1967-11-02;2025-02-24
868;Jonathan;Gibson;thomas53@example.com;001-524-678-4171x59497;BR;Melanieborough;M;1947-04-06;2024-05-31
869;William;Johnson;davidrobinson@example.org;933-489-2608;UK;West Laurafort;O;1979-03-07;2024-05-05
870;Justin;Peters;lesliebrown@example.org;274-365-3537;AU;West Rogerfort;M;1956-10-17;2024-07-05
871;Patrick;Miller;yramos@example.org;001-669-814-3362;DE;Greenmouth;M;1948-04-08;2025-02-15
872;Brenda;Johnson;rodriguezamanda@example.net;673-690-8352x11896;US;Lake Kenneth;M;1962-05-26;2025-10-29
873;Kimberly;Evans;caguilar@example.org;+1-357-259-5828;US;East Charles;F;1991-11-24;2024-11-16
874;Amber;Guerrero;wilkinskevin@example.net;697.617.0598;DE;Lisaview;O;1995-01-09;2024-05-12
875;Tyler;Russo;ghendrix@example.org;(330)338-8568;IN;New Valerie;O;1975-12-05;2025-01-10
876;Joshua;Hendricks;clayandrew@example.net;+1-592-517-7905x52866;AU;Christophermouth;F;1991-11-09;2025-01-10
877;Andrew;Bowen;mackelizabeth@example.org;(260)511-9391;US;Port Ashley;O;1974-10-31;2024-03-21
878;Michelle;Bailey;jenniferwilliams@example.org;001-685-581-8104x502;CA;Clarkland;F;2002-01-05;2025-10-25
879;Laura;Schmidt;nicholasmorales@example.com;735-589-6933;FR;Lake Adrianmouth;M;1979-04-05;2025-11-26
880;Tiffany;Skinner;odavis@example.com;731.356.6397x925;FR;South Kellyfurt;F;2005-03-18;2025-03-06
881;Donna;Massey;thomaswhite@example.org;(689)466-6053;UK;South Lindsayview;F;1949-04-12;2025-05-12
882;Robert;Johnson;hansonheather@example.com;+1-235-484-6405x1038;IN;Bairdtown;F;1961-08-02;2024-12-03
883;Jason;Taylor;bakerjonathon@example.com;218.893.9530x969;AU;Moralestown;F;1980-11-03;2024-04-18
884;Amanda;Garrison;uhubbard@example.com;635-587-2717;FR;Lake Tammyside;M;2005-06-03;2025-12-03
885;Kristina;Todd;kimberly03@example.com;998.981.8738;AU;Suzannebury;O;1991-02-01;2024-05-18
886;Justin;Wells;calderonclinton@example.net;2904915386;AU;South Dean;F;1961-08-13;2024-04-13
887;Benjamin;Green;michellehall@example.org;+1-905-677-2044x100;DE;New Jasonview;M;1968-05-04;2025-07-06
888;Mary;Day;howelljennifer@example.com;922-448-7098;IN;Birdshire;M;1970-08-02;2024-04-26
889;Nathaniel;Braun;laura24@example.org;832-861-1890x034;IN;Lake Patrickton;O;1974-11-14;2024-04-01
890;Reginald;Benson;brianconrad@example.org;7955366219;BR;Mullenshire;O;1946-12-01;2024-08-17
891;Thomas;Edwards;davisjohn@example.com;001-200-973-9713;DE;East Clayton;F;1957-10-25;2025-07-30
892;Ashley;Paul;pwilkerson@example.com;422.310.4546x1719;UK;Flowersmouth;M;1961-02-17;2024-06-10
893;Brian;Good;katherinecarter@example.org;(552)616-0252;FR;East Stephanietown;O;1981-09-13;2024-07-24
894;Madeline;Salinas;yware@example.net;9328655132;DE;Lake Stevenport;F;1990-04-28;2023-12-31
895;Tara;Anderson;margaret59@example.net;(316)402-1191x589;AU;Fernandezfurt;O;2007-07-14;2025-05-10
896;Jessica;Lang;jscott@example.com;262.537.6008x84474;IN;Nicholsonside;M;2006-06-19;2025-11-26
897;Daniel;Johnson;christine92@example.org;(640)606-9836x92353;AU;Nelsonton;F;1976-09-17;2024-03-08
898;Audrey;Rose;joshua22@example.net;7212237205;AU;Port Jeffery;M;1948-10-16;2023-12-27
899;April;Wright;julia67@example.org;001-319-300-8899;FR;Davidtown;O;1946-05-30;2025-11-11
900;Melissa;Cruz;loritaylor@example.com;279.789.7906;IN;Amyland;F;2004-05-06;2025-09-07
901;Amy;Castillo;paul00@example.org;+1-398-343-3611x371;US;Christopherside;M;1985-08-19;2025-05-04
902;Mark;Thomas;edward03@example.net;701-853-5346x607;IN;Justinview;F;1999-05-02;2024-10-24
903;Eddie;Brown;piercejoseph@example.net;001-202-481-8223x8794;BR;Taylorhaven;M;1966-10-16;2025-09-22
904;Tyler;Barker;taylorclarke@example.com;+1-336-442-3570x0412;BR;Danielville;O;1988-03-17;2025-10-29
905;Courtney;Hartman;michael04@example.net;(210)307-9230x4660;AU;New John;M;1953-12-24;2024-02-15
906;Christopher;Koch;jamesstrong@example.net;001-861-751-2048x5076;BR;Port Kelsey;M;1990-12-22;2025-11-24
907;Jonathan;Reyes;arellanokevin@example.org;(376)734-6019;CA;North Michael;O;1990-04-05;2025-07-19
908;Tonya;Maynard;travis24@example.org;(986)417-6822x512;FR;Chaveztown;F;1977-01-16;2025-08-24
909;Jane;Hughes;sarah62@example.org;919-376-8784x947;IN;New Brian;O;1958-01-14;2023-12-24
910;Robert;Cantu;vincent74@example.org;(835)443-4046;US;East Christopherchester;O;1998-02-02;2025-02-27
911;Karen;Martin;bailey20@example.com;+1-944-511-1973x88182;BR;Port Elizabethbury;O;1964-04-10;2024-08-16
912;Brenda;Roberts;jenniferrice@example.com;001-368-306-6405;AU;East Christopherstad;F;1964-07-18;2025-04-06
913;Joshua;Pham;johnjohnson@example.net;(204)298-6037x2186;FR;East Bryan;F;1988-12-23;2024-02-28
914;Sean;Clayton;millerlindsey@example.org;9348713171;UK;Port Karafurt;O;2000-08-25;2024-04-05
915;Vanessa;Kelly;bowenjonathan@example.net;+1-747-485-5011x3753;BR;North Thomasburgh;O;1980-02-11;2025-04-21
916;Mary;Mills;ruizkimberly@example.net;001-403-471-6160x88197;FR;Lake Caitlin;F;1992-09-18;2025-03-21
917;Patrick;Castillo;nicholstodd@example.org;2767810248;FR;Stevenhaven;O;1946-12-08;2024-04-16
918;Jonathan;Parrish;laurentaylor@example.com;(721)969-0696;DE;Raymondfort;M;1946-03-17;2025-07-21
919;Evelyn;Kelly;hharvey@example.org;001-452-815-0164;UK;North Timothytown;M;1958-08-29;2024-09-05
920;Tiffany;Friedman;patricia24@example.org;001-519-283-9248x481;BR;West Robertachester;F;1982-10-17;2025-07-27
921;Lisa;Stewart;brandongarcia@example.org;(375)386-4633x9534;IN;West Andreville;O;2000-06-02;2024-07-02
922;Victor;Green;tracywilkins@example.net;(715)373-8551x28177;UK;East Brittany;F;1993-02-24;2024-12-11
923;Corey;Cox;nicholasmcmillan@example.org;001-997-923-6024x46546;DE;North Michael;O;1972-10-07;2024-01-02
924;James;Serrano;ymartinez@example.com;001-478-937-0317x54380;AU;Loriport;M;1976-08-27;2024-08-07
925;Stephen;White;martingerald@example.com;001-668-462-7288x40766;DE;South Denisefurt;O;1987-12-29;2024-03-28
926;Sonya;Heath;sherryclark@example.net;(276)825-9238x6879;AU;Port Josehaven;M;2007-07-20;2025-02-18
927;Jesus;Brown;kimberly34@example.org;(908)892-7396x159;UK;Kimberlymouth;M;1957-01-14;2025-04-06
928;Marc;Cole;dporter@example.com;001-455-442-6190x384;UK;Clarkfurt;F;1992-03-04;2024-03-18
929;Jessica;White;gregoryschneider@example.com;911-375-7691;BR;Martinport;O;1954-11-18;2025-09-19
930;Nathan;Roberts;oray@example.org;(821)269-0392x202;AU;West Jackfurt;M;1961-11-16;2025-08-10
931;Bruce;Payne;hayesnicole@example.org;616.537.0500;FR;East Robert;O;1973-11-09;2024-06-16
932;Joshua;Lane;royscott@example.net;676-238-0839x065;FR;West Christina;O;1983-07-22;2025-12-04
933;Mark;Hale;joannawalker@example.com;001-227-628-1291x635;UK;Brownchester;O;1990-03-21;2024-11-08
934;Debbie;Holloway;jroy@example.net;853-697-4995x0708;DE;South Kaitlinstad;F;1992-06-03;2025-08-23
935;Andrew;Williams;ortegasandra@example.net;(290)622-1543;BR;Amyton;O;1981-10-16;2024-04-18
936;Eric;Krueger;jamiesmith@example.org;351.502.5550;BR;Justinton;F;1959-03-12;2024-10-04
937;William;Spencer;heather39@example.org;001-733-524-3629x62080;CA;East Marieview;M;1992-05-14;2024-02-18
938;Nichole;Brown;karen65@example.net;+1-992-601-2376x317;CA;Joshualand;M;2002-01-20;2024-09-19
939;Caitlin;Camacho;knightrachel@example.com;+1-519-822-6713x175;CA;South Melissa;F;1962-03-21;2024-08-02
940;Elizabeth;Romero;gking@example.org;001-609-761-7300x992;US;West Bruce;F;1955-06-04;2024-02-29
941;Michael;Hall;michael51@example.com;921.991.4308;FR;Littleview;F;1974-04-26;2025-11-24
942;Nicholas;Figueroa;ericdavis@example.net;945.981.9204;BR;South Trevorfurt;O;1997-03-18;2024-05-06
943;Jason;Young;briannaandersen@example.com;(215)790-2578x464;UK;Jillhaven;M;1957-01-20;2025-06-06
944;George;Hampton;epage@example.org;(720)784-6729x2543;DE;Port Brendaburgh;F;1979-12-11;2024-04-18
945;Molly;Smith;fergusonmichael@example.net;+1-362-447-2863x9420;AU;East Sandra;O;1950-06-12;2025-02-02
946;Gregory;Smith;jacobsdiana@example.com;(270)726-6045;IN;Leeland;F;1975-01-06;2024-07-09
947;Benjamin;Love;williamskathleen@example.net;635.938.9222;UK;North Stefaniebury;M;1969-01-14;2023-12-18
948;Brandon;Hanna;stevenhopkins@example.com;(746)216-0762x6438;FR;New Markmouth;O;1955-11-18;2024-06-29
949;Christopher;Mckenzie;meredithnunez@example.org;661.409.4416;UK;Lake Cory;F;1966-12-08;2025-10-01
950;Keith;Sexton;stevemarshall@example.net;(285)676-0634x9429;AU;Lambfort;O;1965-08-08;2024-08-18
951;William;Alexander;hufftroy@example.net;001-532-942-0248;FR;Josephview;M;1949-11-07;2024-12-10
952;Jeffery;Reed;laura86@example.net;879-202-5485x362;BR;Haleyburgh;M;1957-06-01;2024-10-26
953;Janice;Brown;krauseaaron@example.com;685.557.4216;IN;Kimberlytown;O;1997-07-27;2024-01-06
954;Kimberly;Woods;greenronald@example.com;861.843.7884x4370;US;New Karenstad;M;2000-04-17;2024-06-18
955;Robert;Mcdonald;zfischer@example.net;254-218-5899;BR;South Thomas;F;1988-10-13;2025-02-07
956;Daniel;Waters;matthew78@example.com;5435566050;BR;Adamschester;M;1982-04-04;2024-06-10
957;Anthony;Webb;bwade@example.com;218.922.2667x9419;FR;Murphyhaven;O;1992-10-28;2025-04-21
958;Lindsey;Williams;kwalton@example.com;742.789.8760;CA;Port Emilyport;F;1980-12-03;2024-03-24
959;David;Gibson;deborah86@example.net;001-218-967-0663x20162;DE;Port Betty;M;1956-02-14;2025-08-16
960;Mary;Miller;tracyhoffman@example.com;001-653-437-1708x649;DE;Matthewsburgh;M;1946-11-09;2025-05-21
961;Brittany;Mcdaniel;teresamiller@example.org;449-301-4599x67069;DE;Lorimouth;M;1956-11-29;2024-09-07
962;Wendy;Moreno;jesse84@example.net;202.817.8167;DE;Finleyview;O;1986-09-28;2025-04-22
963;Matthew;Brewer;garciadebra@example.com;001-492-881-5037x01709;UK;Bradton;O;1957-10-11;2024-12-23
964;Amber;Holmes;gibsonrichard@example.net;(296)282-4485;BR;Thomashaven;O;1986-07-08;2025-11-19
965;Stephanie;White;fwelch@example.org;(280)269-1961x27662;BR;Port Alvin;M;1984-04-26;2024-11-11
966;Cynthia;Brock;qlee@example.com;435-296-2458x701;FR;Lisaberg;O;1963-09-28;2025-04-07
967;Nathaniel;Russell;richardssheila@example.org;975.830.2849;US;East Chelseamouth;M;1944-12-31;2025-10-15
968;Kelly;Bennett;meganvance@example.com;9557364818;UK;Erinbury;M;1999-12-29;2025-08-09
969;Joseph;Wiley;davidsawyer@example.net;873.285.4662x323;DE;Powellmouth;O;1983-01-09;2025-03-14
970;Allison;Campbell;andersonbonnie@example.net;422.204.2986x2269;CA;Butlerland;O;2005-11-03;2025-11-06
971;Ashley;Russell;patriciabennett@example.net;+1-929-998-3358x768;IN;Carrstad;O;2002-09-06;2024-10-26
972;Kevin;Wright;brandonmeza@example.com;+1-831-253-9839x122;US;North Pennyport;F;1963-09-11;2025-04-03
973;Dominique;Owens;nthomas@example.net;001-914-730-4913x4103;DE;Lake Megan;O;1974-07-26;2024-01-07
974;Chloe;Graham;marissa64@example.org;001-224-905-9208x2353;DE;Pattersonville;F;1984-02-29;2024-06-21
975;Rebecca;Morales;banksmeredith@example.com;+1-820-817-5307;CA;New Ryanmouth;O;2006-07-29;2024-04-03
976;Kathy;Herman;melissa04@example.org;374-212-5313x7956;IN;South Tracyborough;F;1985-06-02;2024-02-05
977;Vicki;Bailey;roberttodd@example.net;(502)959-9919;AU;East Steve;M;1956-11-30;2025-05-31
978;Lisa;Christian;joshua74@example.net;+1-304-276-0786x235;US;Gutierrezland;M;1993-12-04;2025-03-02
979;Kristin;Soto;christopher32@example.net;001-351-745-6340;AU;West Michaelland;F;1990-11-15;2025-07-26
980;Manuel;Conley;joseph96@example.net;(539)216-0770x040;AU;Luisport;F;1952-05-03;2024-07-02
981;Andrew;Juarez;gregorybrock@example.org;+1-239-966-2038x58864;CA;East Peterburgh;F;1983-04-05;2024-08-17
982;Tara;Reyes;nfletcher@example.org;001-235-862-3039x7440;BR;Williamsside;F;1975-05-19;2025-11-21
983;Candace;Williams;greenechristina@example.net;001-643-711-3266x1158;FR;West Frankfurt;O;1960-02-18;2025-04-08
984;Daniel;Douglas;phillipsshawn@example.net;+1-622-905-3970x77454;FR;Port Amandaberg;F;2002-10-26;2025-09-28
985;Christopher;Christensen;peter19@example.net;839-246-7662x62359;BR;Jessetown;F;1953-08-21;2024-09-19
986;Jodi;Turner;nathanielhess@example.com;5362860506;UK;Fosterchester;F;1997-03-11;2024-09-10
987;David;Schmidt;hollandroy@example.org;+1-589-210-3909x120;CA;West Derek;F;1983-04-11;2024-08-17
988;Haley;Saunders;ksherman@example.com;001-895-231-9260x098;UK;Port Tammy;F;1966-12-05;2025-07-31
989;Trevor;Phillips;jonathan49@example.org;3543894453;AU;Lake Annside;M;1982-06-14;2024-08-24
990;Michael;Lewis;kathleen66@example.org;(795)821-7970;BR;Smithchester;M;1951-05-31;2024-10-16
991;Donald;Weaver;westkenneth@example.net;(766)202-3515;US;West Stephanietown;F;1949-03-24;2024-05-30
992;Jessica;Tapia;gcrawford@example.com;(505)787-9052x24413;IN;Scottview;O;1948-07-08;2024-09-13
993;Joseph;Mcgee;coltoncain@example.net;890.657.1918x986;IN;Carpenterchester;M;1965-09-30;2025-09-21
994;Angela;Lee;jennifer74@example.net;+1-687-568-0570x23771;BR;Port Dawnshire;F;1956-08-23;2024-01-01
995;Michael;Burns;jakeroth@example.net;001-497-732-3964x402;FR;Port Frank;M;1969-10-27;2025-07-23
996;Tamara;Bennett;jonathangonzales@example.org;+1-323-685-2023x209;BR;North Rodneyborough;F;1959-04-25;2025-07-19
997;Zachary;Carter;suzannesimpson@example.org;+1-798-429-0755x154;AU;Brownmouth;F;1965-05-04;2025-02-01
998;Chelsea;Jones;davidsmith@example.com;533-322-6227x7773;DE;Tannerhaven;F;1989-01-15;2024-01-07
999;Raymond;Mcfarland;zjohnson@example.com;7384503605;US;Derekport;M;1950-04-18;2025-08-07
1000;Danielle;Moody;jessica27@example.com;4677582676;IN;Port Saraburgh;O;1945-10-27;2024-01-12
